﻿ID;How would you rate your experience using the DAIAD system so far?;Which of the following words would you use to describe the DAIAD system? You can select multiple words!;How well does the DAIAD system meet your needs?;According to your experience so far, how would you rate DAIAD’s mobile application? [Ease of installation];According to your experience so far, how would you rate DAIAD’s mobile application? [Bluetooth connectivity];According to your experience so far, how would you rate DAIAD’s mobile application? [Ease of use];According to your experience so far, how would you rate DAIAD’s mobile application? [Practicality];According to your experience so far, how would you rate DAIAD’s mobile application? [Usefulness];According to your experience so far, how would you rate DAIAD’s mobile application? [Quality];According to your experience so far, how would you rate amphiro b1, DAIAD’s intelligent shower monitor? [Ease of installation];According to your experience so far, how would you rate amphiro b1, DAIAD’s intelligent shower monitor? [Ease of use];According to your experience so far, how would you rate amphiro b1, DAIAD’s intelligent shower monitor? [Practicality];According to your experience so far, how would you rate amphiro b1, DAIAD’s intelligent shower monitor? [Usefulness];According to your experience so far, how would you rate amphiro b1, DAIAD’s intelligent shower monitor? [Quality];The smart shower meter shows different information. How easy was it to understand them? [Temperature];The smart shower meter shows different information. How easy was it to understand them? [Water used];The smart shower meter shows different information. How easy was it to understand them? [Energy used];The smart shower meter shows different information. How easy was it to understand them? [Polar Bear];Not all users are interested in the display elements in the same way. How much were you interested in the different elements on your smart shower meter? [Temperature];Not all users are interested in the display elements in the same way. How much were you interested in the different elements on your smart shower meter? [Water used];Not all users are interested in the display elements in the same way. How much were you interested in the different elements on your smart shower meter? [Energy used];Not all users are interested in the display elements in the same way. How much were you interested in the different elements on your smart shower meter? [Polar Bear];How likely is it that you would recommend the DAIAD system to a friend or a colleague?
ee328fa3-54ac-4408-bd35-bbe0d6ad153c;Somewhat satisfied;Useful;Rather well;Neither good nor poor;Rather Poor;Very Poor;Very Poor;Very Poor;Very Poor;Very good;Very good;Very good;Very good;Very good;Very easy;Very easy;Neither easy nor difficult;Very easy;Very interested;Very interested;Very uninterested;Interested;Somewhat likely
e0ee72ca-03e9-42fd-94a4-790cd35053d9;Very dissatisfied;Impractical, Poor quality, Unreliable;Very poor;Rather good;Very Poor;Neither good nor poor;Very Poor;Very Poor;Rather good;Rather good;Neither good nor poor;Very poor;Very poor;Neither good nor poor;Neither easy nor difficult;Neither easy nor difficult;Neither easy nor difficult;Neither easy nor difficult;Neither interested nor uninterested;Neither interested nor uninterested;Neither interested nor uninterested;Neither interested nor uninterested;Very unlikely
e59d3126-ebd7-42df-bc70-1f46e81a2626;Somewhat dissatisfied;Innovative, Impractical;Rather poor;Neither good nor poor;Very Poor;Rather Poor;Rather Poor;Very Poor;Rather Poor;Rather poor;Rather good;Rather poor;Rather poor;Rather good;Very easy;Very easy;Very easy;Very difficult;Very interested;Very interested;Interested;Very uninterested;Very unlikely
9b521e89-43be-40f0-889f-a9795585115e;Somewhat satisfied;Innovative, Useful, Unreliable;Neither well nor poor;Very Good;Rather good;Very Good;Very Good;Very Good;Very Good;Very good;Very good;Very good;Rather poor;Very good;Very easy;Very easy;Easy;Easy;Very interested;Interested;Neither interested nor uninterested;Very interested;Somewhat likely
691c6311-6f5f-4c45-a568-27372209a445;Somewhat dissatisfied;Innovative, Reliable, Impractical;Rather poor;Very Good;Very Good;Rather good;Rather Poor;Neither good nor poor;Rather good;Very good;Very good;Rather poor;Very poor;Very good;Very easy;Very easy;Very easy;Neither easy nor difficult;Interested;Very interested;Very interested;Very uninterested;Somewhat unlikely
1f73e931-6dbc-4952-a2ac-46f3b6a2b967;Somewhat satisfied;Innovative, Unique;Neither well nor poor;Rather good;Neither good nor poor;Very Good;Rather good;Rather good;Rather good;Very good;Very good;Very good;Very good;Very good;Neither easy nor difficult;Very easy;Very easy;Very easy;Neither interested nor uninterested;Very interested;Very interested;Very interested;Not sure
c087402d-871d-48d1-bab2-e0ac50738995;Neither satisfied nor dissatisfied;Innovative, Useful;Neither well nor poor;Rather good;Rather good;Very Poor;Very Poor;Very Poor;Very Poor;Rather good;Very good;Very good;Rather good;Very good;Very easy;Very easy;Easy;Neither easy nor difficult;Very interested;Very interested;Very interested;Neither interested nor uninterested;Not sure
38ac0d29-7b8c-4f33-8a0f-871ed4623a5f;Neither satisfied nor dissatisfied;Innovative, Useful;Rather poor;Very Poor;Rather Poor;Very Poor;Very Poor;Very Poor;Very Poor;Neither good nor poor;Very good;Very good;Neither good nor poor;Very good;Neither easy nor difficult;Neither easy nor difficult;Very difficult;Difficult;Very interested;Very interested;Interested;Uninterested;Somewhat unlikely
96bf45d4-7a4c-466a-bb1c-456d08bbb68a;Somewhat satisfied;Innovative, Useful;Rather well;Neither good nor poor;Rather good;Rather good;Neither good nor poor;Rather good;Neither good nor poor;Rather good;Rather good;Rather good;Rather good;Rather good;Easy;Easy;Easy;Easy;Interested;Very interested;Interested;Interested;Somewhat likely
40aacebb-d56e-4ab3-b49d-fe5871edb0d6;Somewhat satisfied;Innovative, Useful;Rather well;Rather Poor;Neither good nor poor;Rather Poor;Very Poor;Very Poor;Very Poor;Very good;Very good;Very good;Very good;Very good;Easy;Easy;Difficult;Difficult;Very interested;Very interested;Interested;Neither interested nor uninterested;Very likely
6261b2d3-f559-42d1-a670-47b9b3d71c72;Somewhat satisfied;Innovative, Useful;Rather well;Rather good;Rather good;Neither good nor poor;Neither good nor poor;Rather good;Rather good;Very good;Very good;Very good;Very good;Very good;Very easy;Very easy;Very easy;Very easy;Very interested;Very interested;Interested;Interested;Very likely
edeaddab-6bdc-47e6-8670-1df70c9608ce;Somewhat dissatisfied;Useful, Impractical;Neither well nor poor;Rather good;Very Poor;Neither good nor poor;Very Poor;Rather good;Neither good nor poor;Very good;Neither good nor poor;Neither good nor poor;Neither good nor poor;Very good;Very easy;Very easy;Very easy;Neither easy nor difficult;Interested;Interested;Very interested;Very uninterested;Somewhat unlikely
284215b5-eff9-4f80-a149-fb9a67b7873c;Very dissatisfied;Innovative, Useful;Very poor;Very Good;Very Good;Very Poor;Very Poor;Very Poor;Very Poor;Very good;Very good;Rather poor;Rather poor;Very good;Difficult;Difficult;Difficult;Very easy;Very interested;Very interested;Very interested;Very interested;Somewhat unlikely
dfca3974-c7fb-4d1f-8e0a-6a479ac21432;Somewhat satisfied;Innovative, Reliable, Unique;Rather well;Very Good;Neither good nor poor;Neither good nor poor;Rather good;Neither good nor poor;Rather good;Very good;Very good;Very good;Very good;Neither good nor poor;Very easy;Very easy;Very easy;Neither easy nor difficult;Very interested;Very interested;Interested;Neither interested nor uninterested;Somewhat likely
c94435a0-6909-40f7-a556-a9c27b1a9a5f;Neither satisfied nor dissatisfied;Useful;Neither well nor poor;Rather good;Neither good nor poor;Rather Poor;Rather Poor;Rather good;Neither good nor poor;Rather good;Rather good;Rather poor;Neither good nor poor;Rather good;Very easy;Difficult;Very easy;Neither easy nor difficult;Neither interested nor uninterested;Very interested;Very interested;Uninterested;Not sure
