﻿ID;What is your age?;What is the highest degree or level of school you have completed? If currently enrolled, highest degree received;What is your gender?;How many hand showers are there in your home?;My smartphone is with;My tablet is with;On either your mobile or tablet device, how often is your Bluetooth switched on?;Do you have wireless internet (Wi-Fi) in your home?;Do you have data plan for your mobile phone?;Do you plan to be away from home for 3 months or more (e.g. holidays or business trip)?;Do you give us your consent for analyzing your information about you and your household during the pilot?;Are you willing to provide us with your feedback during the pilot?;How many members are there in your household?;How many minors live in your household (i.e. of age less than 18 years old)?;What is the size of your appartment/house in square meters/feet?
45c3706c-1878-4c78-ab1a-a308ea794b6b;45-54 years old;Bachelorâ€™s degree;Male;1;the Android operating system (e.g. HTC, Samsung, LG, Sony, Motorola);I do not have one;Never, or almost never;Yes;Yes;No;Yes;Yes;2;1;111 sq. meters or more/1185 sq. feet or more
6bbf875c-17ce-4d58-b018-539787051de3;25-34 years old;Bachelorâ€™s degree;Male;1;the Android operating system (e.g. HTC, Samsung, LG, Sony, Motorola);the iOS operating system (e.g. Apple iPad/iPad mini);Always, or almost always;Yes;Yes;No;Yes;Yes;2;None;61-80 sq. meters/646-861 sq. feet
cdacdf2e-ae52-4dfc-8093-5bdb51c7e356;35-44 years old;Bachelorâ€™s degree;Female;1;the Android operating system (e.g. HTC, Samsung, LG, Sony, Motorola);the Android operating system;Always, or almost always;Yes;Yes;No;Yes;Yes;3-5;3;81-110 sq. meters/862-1184 sq. feet
691c6311-6f5f-4c45-a568-27372209a445;35-44 years old;Masterâ€™s degree;Male;1;the iOS operating system (e.g. Apple iPhone 4, iPhone 5 or newer);the iOS operating system (e.g. Apple iPad/iPad mini);Always, or almost always;Yes;Yes;No;Yes;Yes;3-5;2;61-80 sq. meters/646-861 sq. feet
a8e25ac1-2992-43cd-9c7c-6490c70e644c;35-44 years old;Masterâ€™s degree;Male;1;the Android operating system (e.g. HTC, Samsung, LG, Sony, Motorola);I do not have one;Occasionally;Yes;Yes;No;Yes;Yes;2;None;31-60 sq. meters/323-645 sq. feet
a72b08a9-9201-4935-9101-f0304b18097d;65-74 years old;Professional degree;Female;1;the Android operating system (e.g. HTC, Samsung, LG, Sony, Motorola);I do not have one;My mobile or tablet device does not have Bluetooth;Yes;Yes;No;Yes;Yes;1;None;111 sq. meters or more/1185 sq. feet or more
341f46dc-ef6e-46cd-b5d2-1c5a55ecd398;65-74 years old;Bachelorâ€™s degree;Female;1;the Android operating system (e.g. HTC, Samsung, LG, Sony, Motorola);I do not have one;My mobile or tablet device does not have Bluetooth;Yes;No;No;Yes;Yes;1;None;111 sq. meters or more/1185 sq. feet or more
c94435a0-6909-40f7-a556-a9c27b1a9a5f;35-44 years old;Masterâ€™s degree;Male;1;the Android operating system (e.g. HTC, Samsung, LG, Sony, Motorola);the Windows operating system;Always, or almost always;Yes;Yes;No;Yes;Yes;3-5;3;81-110 sq. meters/862-1184 sq. feet
dcac3f44-dabf-4407-a25d-635eab87fdd7;65-74 years old;Trade/technical/vocational training;Male;2;the Android operating system (e.g. HTC, Samsung, LG, Sony, Motorola);I do not have one;Never, or almost never;Yes;No;No;Yes;Yes;2;None;81-110 sq. meters/862-1184 sq. feet
2e66244e-9347-4c4b-92aa-834e45796a99;35-44 years old;Bachelorâ€™s degree;Male;1;the Android operating system (e.g. HTC, Samsung, LG, Sony, Motorola);the Android operating system;Mostly;Yes;Yes;No;Yes;Yes;3-5;1;31-60 sq. meters/323-645 sq. feet
1617c576-d46e-4edf-af9c-933bc8e45855;35-44 years old;Bachelorâ€™s degree;Female;1;the iOS operating system (e.g. Apple iPhone 4, iPhone 5 or newer);I do not have one;Always, or almost always;Yes;Yes;No;Yes;Yes;2;None;61-80 sq. meters/646-861 sq. feet
8bf86a1c-02e6-4fd3-ae8c-431d4e6c076a;55-64 years old;Bachelorâ€™s degree;Female;2;the iOS operating system (e.g. Apple iPhone 4, iPhone 5 or newer);the iOS operating system (e.g. Apple iPad/iPad mini);Mostly;Yes;Yes;No;Yes;No;2;None;111 sq. meters or more/1185 sq. feet or more
f5793dae-0eea-466c-9a25-44366e073de3;45-54 years old;Professional degree;Female;1;the iOS operating system (e.g. Apple iPhone 4, iPhone 5 or newer);the iOS operating system (e.g. Apple iPad/iPad mini);Always, or almost always;Yes;Yes;No;Yes;Yes;2;None;61-80 sq. meters/646-861 sq. feet
f9572a83-9fad-40f8-b7bf-93cb0a9d5f24;35-44 years old;Masterâ€™s degree;Female;2;the iOS operating system (e.g. Apple iPhone 4, iPhone 5 or newer);the iOS operating system (e.g. Apple iPad/iPad mini);Always, or almost always;Yes;Yes;No;Yes;Yes;3-5;2;81-110 sq. meters/862-1184 sq. feet
284215b5-eff9-4f80-a149-fb9a67b7873c;55-64 years old;Masterâ€™s degree;Female;1;the iOS operating system (e.g. Apple iPhone 4, iPhone 5 or newer);the iOS operating system (e.g. Apple iPad/iPad mini);Mostly;Yes;Yes;No;Yes;Yes;2;None;31-60 sq. meters/323-645 sq. feet
10bc4cc8-c1c8-4611-9c0a-6f4a198884eb;35-44 years old;High school graduate;Female;2;the Android operating system (e.g. HTC, Samsung, LG, Sony, Motorola);the Android operating system;Occasionally;Yes;Yes;No;Yes;Yes;3-5;1;61-80 sq. meters/646-861 sq. feet
08d45015-9a41-48c6-b113-26a47715f426;65-74 years old;Masterâ€™s degree;Female;1;the Windows operating system (e.g. Windows Phone or Windows 10 on Nokia, Samsung, HTC, Huawei);I do not have one;Always, or almost always;Yes;Yes;No;Yes;Yes;2;None;61-80 sq. meters/646-861 sq. feet
a9dd3550-4223-4da8-8e55-1bf45c5f066a;35-44 years old;Bachelorâ€™s degree;Female;1;the Windows operating system (e.g. Windows Phone or Windows 10 on Nokia, Samsung, HTC, Huawei);the Windows operating system;Bluetooth is turned on when I need it;Yes;Yes;No;Yes;Yes;3-5;3;81-110 sq. meters/862-1184 sq. feet
46737c15-45e3-4d8e-ab8c-f83876ba89d1;35-44 years old;Professional degree;Male;1;the Windows operating system (e.g. Windows Phone or Windows 10 on Nokia, Samsung, HTC, Huawei);I do not have one;Always, or almost always;Yes;Yes;No;Yes;Yes;1;None;31-60 sq. meters/323-645 sq. feet
701561ab-5ffd-4906-aad7-62e22e3e158c;35-44 years old;Trade/technical/vocational training;Male;2;the iOS operating system (e.g. Apple iPhone 4, iPhone 5 or newer);the iOS operating system (e.g. Apple iPad/iPad mini);Always, or almost always;Yes;Yes;No;Yes;Yes;2;None;31-60 sq. meters/323-645 sq. feet
6261b2d3-f559-42d1-a670-47b9b3d71c72;35-44 years old;Masterâ€™s degree;Male;2;the Android operating system (e.g. HTC, Samsung, LG, Sony, Motorola);the Android operating system;Mostly;Yes;Yes;No;Yes;Yes;3-5;3;111 sq. meters or more/1185 sq. feet or more
7dafae2c-6936-41e9-ae1c-851c101360e1;18-24 years old;Masterâ€™s degree;Female;1;the iOS operating system (e.g. Apple iPhone 4, iPhone 5 or newer);I do not have one;Always, or almost always;Yes;Yes;No;Yes;Yes;2;None;61-80 sq. meters/646-861 sq. feet
edeaddab-6bdc-47e6-8670-1df70c9608ce;45-54 years old;Professional degree;Male;1;the Android operating system (e.g. HTC, Samsung, LG, Sony, Motorola);the iOS operating system (e.g. Apple iPad/iPad mini);Always, or almost always;Yes;No;No;Yes;Yes;3-5;1;61-80 sq. meters/646-861 sq. feet
c8c26a1c-ec9e-4609-974a-f60846cd8461;25-34 years old;Bachelorâ€™s degree;Male;1;the Android operating system (e.g. HTC, Samsung, LG, Sony, Motorola);I do not have one;Mostly;Yes;I am not sure;Yes;Yes;Yes;3-5;None;31-60 sq. meters/323-645 sq. feet
35d99767-e8d3-41c2-a2e3-b2982029d499;45-54 years old;Masterâ€™s degree;Male;1;the iOS operating system (e.g. Apple iPhone 4, iPhone 5 or newer);I do not have one;Never, or almost never;Yes;Yes;No;Yes;Yes;2;None;111 sq. meters or more/1185 sq. feet or more
713e675e-d61b-4c2a-83d4-c63d9d856c03;65-74 years old;Bachelorâ€™s degree;Male;1;I do not have a smartphone;the Android operating system;Never, or almost never;Yes;No;No;Yes;Yes;2;None;111 sq. meters or more/1185 sq. feet or more
d5829230-942d-4fd5-a25b-7dbde5ed44ec;45-54 years old;Bachelorâ€™s degree;Female;1;the iOS operating system (e.g. Apple iPhone 4, iPhone 5 or newer);the iOS operating system (e.g. Apple iPad/iPad mini);Always, or almost always;Yes;Yes;No;Yes;Yes;2;None;111 sq. meters or more/1185 sq. feet or more
e131615a-b8ad-43ac-a758-f94d60e0c11b;18-24 years old;High school graduate;Female;1;the iOS operating system (e.g. Apple iPhone 4, iPhone 5 or newer);the iOS operating system (e.g. Apple iPad/iPad mini);Mostly;Yes;Yes;No;Yes;Yes;2;None;61-80 sq. meters/646-861 sq. feet
72c6bf90-5d9d-4f5c-8904-63ec382d1313;45-54 years old;Bachelorâ€™s degree;Female;1;the iOS operating system (e.g. Apple iPhone 4, iPhone 5 or newer);the iOS operating system (e.g. Apple iPad/iPad mini);Bluetooth is turned on when I need it;Yes;Yes;No;Yes;Yes;3-5;2;111 sq. meters or more/1185 sq. feet or more
b45aa379-60d2-49d9-84f6-c2eaf9358104;25-34 years old;Masterâ€™s degree;Female;1;the Windows operating system (e.g. Windows Phone or Windows 10 on Nokia, Samsung, HTC, Huawei);I do not have one;Bluetooth is turned on when I need it;Yes;Yes;No;Yes;Yes;2;None;111 sq. meters or more/1185 sq. feet or more
b9a1bdf7-83e4-4e23-8b0d-87340d2b9891;25-34 years old;Masterâ€™s degree;Male;3;the iOS operating system (e.g. Apple iPhone 4, iPhone 5 or newer);I do not have one;Occasionally;Yes;Yes;No;Yes;Yes;3-5;None;31-60 sq. meters/323-645 sq. feet
85e33999-31a1-42ab-8b58-c6c9452f973f;18-24 years old;Masterâ€™s degree;Male;1;the Android operating system (e.g. HTC, Samsung, LG, Sony, Motorola);the iOS operating system (e.g. Apple iPad/iPad mini);Bluetooth is turned on when I need it;Yes;Yes;No;Yes;Yes;2;None;31-60 sq. meters/323-645 sq. feet
e0ee72ca-03e9-42fd-94a4-790cd35053d9;65-74 years old;Masterâ€™s degree;Male;2;the iOS operating system (e.g. Apple iPhone 4, iPhone 5 or newer);the iOS operating system (e.g. Apple iPad/iPad mini);Always, or almost always;Yes;Yes;No;Yes;Yes;2;None;111 sq. meters or more/1185 sq. feet or more
972f9eba-5af4-41fe-ab55-a468b19f80bd;18-24 years old;High school graduate;Female;2;the Android operating system (e.g. HTC, Samsung, LG, Sony, Motorola);the iOS operating system (e.g. Apple iPad/iPad mini);Mostly;Yes;Yes;No;Yes;Yes;3-5;1;111 sq. meters or more/1185 sq. feet or more
e983726f-0374-4fd3-aeca-ffb6dce97577;25-34 years old;Masterâ€™s degree;Male;1;the Android operating system (e.g. HTC, Samsung, LG, Sony, Motorola);the Android operating system;Occasionally;Yes;Yes;No;Yes;Yes;1;None;31-60 sq. meters/323-645 sq. feet
dfca3974-c7fb-4d1f-8e0a-6a479ac21432;25-34 years old;Bachelorâ€™s degree;Male;1;the iOS operating system (e.g. Apple iPhone 4, iPhone 5 or newer);the iOS operating system (e.g. Apple iPad/iPad mini);Mostly;Yes;Yes;No;Yes;Yes;2;None;61-80 sq. meters/646-861 sq. feet
03963a44-2efe-4d44-9596-0494833b717d;35-44 years old;Trade/technical/vocational training;Male;1;the iOS operating system (e.g. Apple iPhone 4, iPhone 5 or newer);the iOS operating system (e.g. Apple iPad/iPad mini);Always, or almost always;Yes;Yes;No;Yes;Yes;3-5;2;111 sq. meters or more/1185 sq. feet or more
6204754e-24b1-480a-afd8-597cef92657b;35-44 years old;Trade/technical/vocational training;Male;2;the iOS operating system (e.g. Apple iPhone 4, iPhone 5 or newer);the iOS operating system (e.g. Apple iPad/iPad mini);Occasionally;Yes;Yes;No;Yes;Yes;3-5;1;81-110 sq. meters/862-1184 sq. feet
c1818a2f-1f5e-4d51-bf76-3fd4e5a51fb8;65-74 years old;Professional degree;Male;1;the iOS operating system (e.g. Apple iPhone 4, iPhone 5 or newer);the Android operating system;Always, or almost always;Yes;No;No;Yes;Yes;3-5;None;31-60 sq. meters/323-645 sq. feet
da349d4b-04f5-40b9-8d10-865692376905;65-74 years old;Bachelorâ€™s degree;Male;1;the Android operating system (e.g. HTC, Samsung, LG, Sony, Motorola);the iOS operating system (e.g. Apple iPad/iPad mini);About half of the time;Yes;Yes;No;Yes;Yes;3-5;None;31-60 sq. meters/323-645 sq. feet
a8617a12-920b-4c0e-b6c8-4a023b9d661c;35-44 years old;Bachelorâ€™s degree;Female;2;the iOS operating system (e.g. Apple iPhone 4, iPhone 5 or newer);the iOS operating system (e.g. Apple iPad/iPad mini);Always, or almost always;Yes;Yes;No;Yes;Yes;2;None;111 sq. meters or more/1185 sq. feet or more
b8b85e29-4560-4263-a60d-ed89bbc9d99e;25-34 years old;Masterâ€™s degree;Female;1;the Windows operating system (e.g. Windows Phone or Windows 10 on Nokia, Samsung, HTC, Huawei);I do not have one;Never, or almost never;Yes;Yes;No;Yes;Yes;1;None;31-60 sq. meters/323-645 sq. feet
3a23dd4b-76a7-4e4b-89d9-5d576ed7dac7;25-34 years old;Masterâ€™s degree;Male;2;the Android operating system (e.g. HTC, Samsung, LG, Sony, Motorola);I do not have one;About half of the time;Yes;Yes;No;Yes;Yes;3-5;1;81-110 sq. meters/862-1184 sq. feet
d1afdad5-f326-4f59-9c7d-d9b2963c2ad7;25-34 years old;Bachelorâ€™s degree;Male;2;the Windows operating system (e.g. Windows Phone or Windows 10 on Nokia, Samsung, HTC, Huawei);the Android operating system;Always, or almost always;Yes;Yes;No;Yes;Yes;3-5;None;111 sq. meters or more/1185 sq. feet or more
38ac0d29-7b8c-4f33-8a0f-871ed4623a5f;55-64 years old;Masterâ€™s degree;Male;2;the Android operating system (e.g. HTC, Samsung, LG, Sony, Motorola);the Android operating system;Mostly;Yes;Yes;No;Yes;Yes;3-5;1;111 sq. meters or more/1185 sq. feet or more
77638925-3e2a-4881-b003-2fd8463f03a5;45-54 years old;Masterâ€™s degree;Male;2;the iOS operating system (e.g. Apple iPhone 4, iPhone 5 or newer);I do not have one;Bluetooth is turned on when I need it;Yes;Yes;No;Yes;Yes;3-5;3;61-80 sq. meters/646-861 sq. feet
ee328fa3-54ac-4408-bd35-bbe0d6ad153c;55-64 years old;Trade/technical/vocational training;Female;2;the iOS operating system (e.g. Apple iPhone 4, iPhone 5 or newer);the iOS operating system (e.g. Apple iPad/iPad mini);Mostly;Yes;I am not sure;No;Yes;Yes;3-5;None;111 sq. meters or more/1185 sq. feet or more
368e9785-e0ff-4756-89d1-4a5b6d892302;35-44 years old;Bachelorâ€™s degree;Male;1;the iOS operating system (e.g. Apple iPhone 4, iPhone 5 or newer);the iOS operating system (e.g. Apple iPad/iPad mini);Bluetooth is turned on when I need it;Yes;Yes;No;Yes;Yes;2;None;111 sq. meters or more/1185 sq. feet or more
4913ed35-6a32-4d4e-9364-9f145bb9a8ea;45-54 years old;Masterâ€™s degree;Female;1;the Android operating system (e.g. HTC, Samsung, LG, Sony, Motorola);I do not have one;Always, or almost always;Yes;Yes;No;Yes;Yes;1;None;30 sq. meters or less/322 sq. feet or less
c3c3b59b-318d-42a8-9b14-68a4177d8f1b;45-54 years old;Masterâ€™s degree;Female;1;the Android operating system (e.g. HTC, Samsung, LG, Sony, Motorola);I do not have one;Bluetooth is turned on when I need it;No;Yes;No;Yes;Yes;1;None;61-80 sq. meters/646-861 sq. feet
2b6d0b4b-91f0-4426-9308-a5b41daec061;65-74 years old;Trade/technical/vocational training;Male;2;the iOS operating system (e.g. Apple iPhone 4, iPhone 5 or newer);the iOS operating system (e.g. Apple iPad/iPad mini);Always, or almost always;Yes;Yes;No;Yes;Yes;2;None;111 sq. meters or more/1185 sq. feet or more
a2e0c35d-8411-4dbe-ab65-2173e35f0365;25-34 years old;Bachelorâ€™s degree;Male;1;the Android operating system (e.g. HTC, Samsung, LG, Sony, Motorola);the Android operating system;Never, or almost never;Yes;Yes;No;Yes;Yes;2;None;61-80 sq. meters/646-861 sq. feet
403990b5-da12-4069-a8ed-1adf34491689;25-34 years old;Masterâ€™s degree;Female;1;the iOS operating system (e.g. Apple iPhone 4, iPhone 5 or newer);the iOS operating system (e.g. Apple iPad/iPad mini);Always, or almost always;Yes;Yes;No;Yes;Yes;1;None;31-60 sq. meters/323-645 sq. feet
e3319b12-2160-4a88-bcfc-5e8928b82a15;18-24 years old;High school graduate;Female;1;the iOS operating system (e.g. Apple iPhone 4, iPhone 5 or newer);the iOS operating system (e.g. Apple iPad/iPad mini);Mostly;Yes;Yes;No;Yes;Yes;2;None;31-60 sq. meters/323-645 sq. feet
0f5a6d50-3f64-4433-9b47-8c573b1dc5f1;25-34 years old;Bachelorâ€™s degree;Female;2;the Android operating system (e.g. HTC, Samsung, LG, Sony, Motorola);the Android operating system;Bluetooth is turned on when I need it;Yes;Yes;No;Yes;Yes;1;None;61-80 sq. meters/646-861 sq. feet
c1ab3ee3-1a8e-4bb4-ae54-9b16ffc47172;35-44 years old;High school graduate;Female;1;the iOS operating system (e.g. Apple iPhone 4, iPhone 5 or newer);I do not have one;Always, or almost always;Yes;I am not sure;No;Yes;Yes;3-5;1;31-60 sq. meters/323-645 sq. feet
96bf45d4-7a4c-466a-bb1c-456d08bbb68a;55-64 years old;Bachelorâ€™s degree;Female;1;the Android operating system (e.g. HTC, Samsung, LG, Sony, Motorola);I do not have one;Never, or almost never;Yes;Yes;No;Yes;Yes;2;None;61-80 sq. meters/646-861 sq. feet
209413ce-aa57-4194-a383-87bc45248411;18-24 years old;High school graduate;Female;1;the iOS operating system (e.g. Apple iPhone 4, iPhone 5 or newer);the iOS operating system (e.g. Apple iPad/iPad mini);Always, or almost always;Yes;Yes;No;Yes;Yes;1;None;111 sq. meters or more/1185 sq. feet or more
defe0fff-be21-45ac-8625-44730705bc59;18-24 years old;Bachelorâ€™s degree;Male;2;the iOS operating system (e.g. Apple iPhone 4, iPhone 5 or newer);the Windows operating system;About half of the time;Yes;Yes;No;Yes;Yes;3-5;None;61-80 sq. meters/646-861 sq. feet
eb7f6e0e-d6c6-48da-8188-3784f4138363;45-54 years old;Bachelorâ€™s degree;Female;2;the Android operating system (e.g. HTC, Samsung, LG, Sony, Motorola);the iOS operating system (e.g. Apple iPad/iPad mini);Always, or almost always;Yes;Yes;No;Yes;Yes;2;None;81-110 sq. meters/862-1184 sq. feet
c396b86f-5add-427a-a21d-d13e7c3b9d28;45-54 years old;Bachelorâ€™s degree;Male;1;the Android operating system (e.g. HTC, Samsung, LG, Sony, Motorola);I do not have one;Bluetooth is turned on when I need it;Yes;Yes;No;Yes;Yes;1;None;81-110 sq. meters/862-1184 sq. feet
ae17967d-ac96-431d-b5be-aef1d4dfdd1f;25-34 years old;Doctorate degree;Female;3;the Android operating system (e.g. HTC, Samsung, LG, Sony, Motorola);the iOS operating system (e.g. Apple iPad/iPad mini);Occasionally;Yes;Yes;No;Yes;Yes;3-5;2;111 sq. meters or more/1185 sq. feet or more
e64b205e-81ee-4fab-a16e-aafbead834aa;45-54 years old;Trade/technical/vocational training;Male;2;the Android operating system (e.g. HTC, Samsung, LG, Sony, Motorola);the Android operating system;Mostly;Yes;Yes;No;Yes;Yes;3-5;1;111 sq. meters or more/1185 sq. feet or more
38bb3dab-e03a-4b2f-8c67-40b925ef314e;45-54 years old;Professional degree;Female;1;the Android operating system (e.g. HTC, Samsung, LG, Sony, Motorola);the Windows operating system;Always, or almost always;Yes;Yes;No;Yes;Yes;3-5;None;111 sq. meters or more/1185 sq. feet or more
67e98bc0-2379-4e97-b04d-518be08cacee;45-54 years old;Bachelorâ€™s degree;Male;1;the Android operating system (e.g. HTC, Samsung, LG, Sony, Motorola);I do not have one;Bluetooth is turned on when I need it;Yes;No;No;Yes;Yes;2;None;30 sq. meters or less/322 sq. feet or less
ce664fd7-cda5-4974-99c7-e8196eac7a8b;55-64 years old;Masterâ€™s degree;Female;2;the Android operating system (e.g. HTC, Samsung, LG, Sony, Motorola);I do not have one;Never, or almost never;Yes;Yes;No;Yes;Yes;3-5;1;31-60 sq. meters/323-645 sq. feet
61b81499-78e6-4227-a1c6-6d39e050b9f7;25-34 years old;Bachelorâ€™s degree;Male;1;the iOS operating system (e.g. Apple iPhone 4, iPhone 5 or newer);the iOS operating system (e.g. Apple iPad/iPad mini);Always, or almost always;Yes;Yes;No;Yes;Yes;2;None;61-80 sq. meters/646-861 sq. feet
40aacebb-d56e-4ab3-b49d-fe5871edb0d6;18-24 years old;Bachelorâ€™s degree;Female;2;the Android operating system (e.g. HTC, Samsung, LG, Sony, Motorola);the Android operating system;Occasionally;Yes;No;No;Yes;Yes;2;None;31-60 sq. meters/323-645 sq. feet
07211450-bad7-4404-8b4c-6719b7159df6;45-54 years old;Bachelorâ€™s degree;Male;1;the iOS operating system (e.g. Apple iPhone 4, iPhone 5 or newer);the iOS operating system (e.g. Apple iPad/iPad mini);Always, or almost always;Yes;Yes;No;Yes;Yes;3-5;1;111 sq. meters or more/1185 sq. feet or more
b6945a50-da6f-47f6-a084-4aeecb1264e5;55-64 years old;Bachelorâ€™s degree;Male;1;the Android operating system (e.g. HTC, Samsung, LG, Sony, Motorola);the Android operating system;Mostly;Yes;Yes;No;Yes;Yes;3-5;None;111 sq. meters or more/1185 sq. feet or more
744b76a3-f336-4fa7-a8c6-05ad0fd6095c;55-64 years old;Bachelorâ€™s degree;Male;2;the iOS operating system (e.g. Apple iPhone 4, iPhone 5 or newer);the iOS operating system (e.g. Apple iPad/iPad mini);Always, or almost always;Yes;Yes;No;Yes;Yes;3-5;1;81-110 sq. meters/862-1184 sq. feet
a5442ee0-0be7-4bc1-ad85-00109cd79ae9;25-34 years old;Bachelorâ€™s degree;Male;1;the Android operating system (e.g. HTC, Samsung, LG, Sony, Motorola);the Windows operating system;Always, or almost always;Yes;Yes;No;Yes;Yes;3-5;2;111 sq. meters or more/1185 sq. feet or more
e59d3126-ebd7-42df-bc70-1f46e81a2626;35-44 years old;High school graduate;Male;1;the Android operating system (e.g. HTC, Samsung, LG, Sony, Motorola);the Android operating system;Bluetooth is turned on when I need it;Yes;Yes;No;Yes;Yes;1;None;61-80 sq. meters/646-861 sq. feet
17e05518-e462-4be7-8a44-cf44e917e0b5;65-74 years old;Trade/technical/vocational training;Male;2;the Android operating system (e.g. HTC, Samsung, LG, Sony, Motorola);the Android operating system;Occasionally;Yes;Yes;No;Yes;Yes;2;None;81-110 sq. meters/862-1184 sq. feet
c82bb918-fbc0-4796-a60f-f4e97cc6f649;65-74 years old;Bachelorâ€™s degree;Male;1;I do not know which operating system my smartphone uses;the Android operating system;My mobile or tablet device does not have Bluetooth;Yes;Yes;No;Yes;Yes;2;None;111 sq. meters or more/1185 sq. feet or more
3d81e96e-0684-4433-aaf3-89697a46c92b;35-44 years old;High school graduate;Female;3;the Android operating system (e.g. HTC, Samsung, LG, Sony, Motorola);the iOS operating system (e.g. Apple iPad/iPad mini);Occasionally;Yes;Yes;No;Yes;Yes;3-5;3;61-80 sq. meters/646-861 sq. feet
ef27b8e6-1d22-461c-b4d4-aa95e1a6f29f;25-34 years old;Masterâ€™s degree;Female;1;the iOS operating system (e.g. Apple iPhone 4, iPhone 5 or newer);I do not have one;Never, or almost never;Yes;Yes;No;Yes;Yes;3-5;None;111 sq. meters or more/1185 sq. feet or more
9b521e89-43be-40f0-889f-a9795585115e;25-34 years old;Bachelorâ€™s degree;Female;1;the Android operating system (e.g. HTC, Samsung, LG, Sony, Motorola);the Android operating system;Mostly;Yes;Yes;No;Yes;Yes;2;None;31-60 sq. meters/323-645 sq. feet
06a11536-f678-4b36-aca5-9c9661ce9376;18-24 years old;High school graduate;Female;1;the iOS operating system (e.g. Apple iPhone 4, iPhone 5 or newer);I do not have one;Occasionally;Yes;Yes;No;Yes;Yes;1;None;30 sq. meters or less/322 sq. feet or less
391ac9f2-0b65-43c6-bbc4-9ee756fb0b20;45-54 years old;Masterâ€™s degree;Female;2;the iOS operating system (e.g. Apple iPhone 4, iPhone 5 or newer);the Android operating system;Occasionally;Yes;Yes;No;Yes;Yes;3-5;2;111 sq. meters or more/1185 sq. feet or more
66fc5530-0a20-4ba4-b40d-37e731b490ff;65-74 years old;Masterâ€™s degree;Female;2;the Android operating system (e.g. HTC, Samsung, LG, Sony, Motorola);the Android operating system;Bluetooth is turned on when I need it;Yes;Yes;No;Yes;Yes;2;None;111 sq. meters or more/1185 sq. feet or more
c087402d-871d-48d1-bab2-e0ac50738995;35-44 years old;Masterâ€™s degree;Female;3;the iOS operating system (e.g. Apple iPhone 4, iPhone 5 or newer);the iOS operating system (e.g. Apple iPad/iPad mini);Always, or almost always;Yes;Yes;No;Yes;Yes;3-5;2;81-110 sq. meters/862-1184 sq. feet
1f73e931-6dbc-4952-a2ac-46f3b6a2b967;65-74 years old;Bachelorâ€™s degree;Female;2;the iOS operating system (e.g. Apple iPhone 4, iPhone 5 or newer);I do not have one;Mostly;Yes;Yes;No;Yes;Yes;2;None;111 sq. meters or more/1185 sq. feet or more
44dc721d-f678-485f-96a4-5d28d63a527e;45-54 years old;Masterâ€™s degree;Female;2;the Android operating system (e.g. HTC, Samsung, LG, Sony, Motorola);I do not have one;Never, or almost never;Yes;Yes;No;Yes;Yes;3-5;None;81-110 sq. meters/862-1184 sq. feet
f461a582-ccf1-40e4-82db-0ab9e91c80ed;25-34 years old;Bachelorâ€™s degree;Female;1;the Android operating system (e.g. HTC, Samsung, LG, Sony, Motorola);the Android operating system;Always, or almost always;Yes;Yes;No;Yes;Yes;2;None;61-80 sq. meters/646-861 sq. feet
a2d61fd6-0c68-4cdd-8ce9-f275f722be3f;45-54 years old;Masterâ€™s degree;Male;2;the Android operating system (e.g. HTC, Samsung, LG, Sony, Motorola);the Windows operating system;Mostly;Yes;Yes;No;Yes;Yes;3-5;None;61-80 sq. meters/646-861 sq. feet
0075da3e-9b8d-48dc-a7ae-c5bd7d0d77b0;55-64 years old;Professional degree;Male;3;the iOS operating system (e.g. Apple iPhone 4, iPhone 5 or newer);the iOS operating system (e.g. Apple iPad/iPad mini);Always, or almost always;Yes;Yes;No;Yes;Yes;3-5;None;111 sq. meters or more/1185 sq. feet or more
dae29580-0118-4e0a-a9a3-d2d035e2071b;45-54 years old;Masterâ€™s degree;Male;1;the Windows operating system (e.g. Windows Phone or Windows 10 on Nokia, Samsung, HTC, Huawei);the Android operating system;Bluetooth is turned on when I need it;Yes;Yes;No;Yes;Yes;2;None;61-80 sq. meters/646-861 sq. feet
6b510b88-d578-4f84-8c58-124eadc66b58;55-64 years old;Professional degree;Male;1;the iOS operating system (e.g. Apple iPhone 4, iPhone 5 or newer);the Android operating system;Bluetooth is turned on when I need it;Yes;Yes;No;Yes;Yes;2;None;61-80 sq. meters/646-861 sq. feet
6fd08449-f42a-4c89-829f-3fbdf2353392;65-74 years old;Bachelorâ€™s degree;Female;1;the Android operating system (e.g. HTC, Samsung, LG, Sony, Motorola);I do not have one;Bluetooth is turned on when I need it;Yes;Yes;No;Yes;Yes;2;None;111 sq. meters or more/1185 sq. feet or more
dd1f5059-6f04-4f63-859a-7573b13a3290;55-64 years old;Trade/technical/vocational training;Male;2;the Windows operating system (e.g. Windows Phone or Windows 10 on Nokia, Samsung, HTC, Huawei);I do not have one;Occasionally;Yes;No;No;Yes;Yes;3-5;1;81-110 sq. meters/862-1184 sq. feet
ccce3456-d75d-4218-a42b-9a3b71739886;25-34 years old;Bachelorâ€™s degree;Male;1;the iOS operating system (e.g. Apple iPhone 4, iPhone 5 or newer);the iOS operating system (e.g. Apple iPad/iPad mini);Never, or almost never;Yes;Yes;No;Yes;Yes;3-5;None;61-80 sq. meters/646-861 sq. feet
896560b8-4361-4b67-a215-0c305d403c11;35-44 years old;Bachelorâ€™s degree;Male;2;the iOS operating system (e.g. Apple iPhone 4, iPhone 5 or newer);the iOS operating system (e.g. Apple iPad/iPad mini);Bluetooth is turned on when I need it;Yes;Yes;No;Yes;Yes;3-5;None;111 sq. meters or more/1185 sq. feet or more
