﻿ID;¿Cómo calificarías de momento tu experiencia utilizando el sistema DAIAD?;¿Con cual de los siguientes términos describirías el sistema DAIAD? Puedes seleccionar varias opciones.;¿Hasta qué punto satisface el Sistema DAIAD tus necesidades?;A partir de tu experiencia hasta ahora con la app DAIAD, ¿Cómo la calificarías? [Facilidad en la instalación];A partir de tu experiencia hasta ahora con la app DAIAD, ¿Cómo la calificarías? [Conexión Bluetooth];A partir de tu experiencia hasta ahora con la app DAIAD, ¿Cómo la calificarías? [Facilidad en el uso];A partir de tu experiencia hasta ahora con la app DAIAD, ¿Cómo la calificarías? [Practicidad];A partir de tu experiencia hasta ahora con la app DAIAD, ¿Cómo la calificarías? [Utilidad];A partir de tu experiencia hasta ahora con la app DAIAD, ¿Cómo la calificarías? [Calidad];De acuerdo con tu experiencia por el momento, ¿Cómo calificarías al amphiro b1? [Facilidad de instalación];De acuerdo con tu experiencia por el momento, ¿Cómo calificarías al amphiro b1? [Facilidad de uso];De acuerdo con tu experiencia por el momento, ¿Cómo calificarías al amphiro b1? [Practicidad];De acuerdo con tu experiencia por el momento, ¿Cómo calificarías al amphiro b1? [Utilidad];De acuerdo con tu experiencia por el momento, ¿Cómo calificarías al amphiro b1? [Calidad];En la pantalla habrás podido visualizar gran variedad de información. ¿Es fácil de interpretar y comprender? [Temperatura];En la pantalla habrás podido visualizar gran variedad de información. ¿Es fácil de interpretar y comprender? [Agua consumida];En la pantalla habrás podido visualizar gran variedad de información. ¿Es fácil de interpretar y comprender? [Energía consumida];En la pantalla habrás podido visualizar gran variedad de información. ¿Es fácil de interpretar y comprender? [Oso polar];Algunos participantes del piloto se pueden interesar más por unos parámetros en pantalla que por otros. ¿Cuánto te han interesado los diferentes elementos en tu medidor inteligente de ducha? [Temperatura];Algunos participantes del piloto se pueden interesar más por unos parámetros en pantalla que por otros. ¿Cuánto te han interesado los diferentes elementos en tu medidor inteligente de ducha? [Agua consumida];Algunos participantes del piloto se pueden interesar más por unos parámetros en pantalla que por otros. ¿Cuánto te han interesado los diferentes elementos en tu medidor inteligente de ducha? [Energía consumida];Algunos participantes del piloto se pueden interesar más por unos parámetros en pantalla que por otros. ¿Cuánto te han interesado los diferentes elementos en tu medidor inteligente de ducha? [Oso polar];¿Recomendarías el sistema DAIAD a tus amigos y conocidos?
0d5638bf-49f1-4a49-bb8e-4320c30cd72d;Muy Satisfactora;Innovador;Muy bien;Ni bien ni mal;Muy bien;Ni bien ni mal;Muy bien;Muy bien;Muy bien;Muy bien;Muy bien;Muy bien;Muy bien;Muy bien;Muy fácil;Muy fácil;Muy fácil;Fácil;Muy interesado;Muy interesado;Muy interesado;Poco interesado;Muy probablemente
10757a1f-7240-460b-92c3-72b28b7b8deb;Muy Satisfactora;Innovador, Útil;Ni bien ni mal;Ni bien ni mal;Excelente;Muy bien;Ni bien ni mal;Muy bien;Excelente;Ni bien ni mal;Excelente;Ni bien ni mal;Muy bien;Excelente;Muy fácil;Difícil;Muy difícil;Muy difícil;Muy interesado;Muy interesado;Indiferente;Indiferente;Probablemente
e0bd8234-d00a-4029-afff-cc543229df63;Muy Satisfactora;Innovador;Muy bien;Muy bien;Muy bien;Muy bien;Muy bien;Muy bien;Muy bien;Muy bien;Muy bien;Muy bien;Muy bien;Muy bien;Fácil;Muy fácil;Muy fácil;Fácil;Interesado;Muy interesado;Muy interesado;Poco interesado;Probablemente
78004e01-246a-45f7-893d-17b0ae48d7c3;Algo satisfactoria;Innovador, Fiable, Útil;Perfectamente;Excelente;Muy bien;Muy bien;Muy bien;Muy bien;Excelente;Excelente;Excelente;Muy bien;Muy bien;Excelente;Muy fácil;Muy fácil;Muy fácil;Muy fácil;Muy interesado;Muy interesado;Interesado;Poco interesado;Probablemente
7b2ec0d1-31e5-4be5-87c9-144742f4ebba;Ni Satisfactoria ni insatisfactoria;Útil;Ni bien ni mal;Muy bien;Muy bien;Mal;Ni bien ni mal;Mal;Ni bien ni mal;Muy bien;Muy bien;Ni bien ni mal;Mal;Mal;Ni fácil ni difícil;Ni fácil ni difícil;Ni fácil ni difícil;Ni fácil ni difícil;Interesado;Muy interesado;Muy interesado;Ni interesado ni indiferente;No estoy seguro/a
68777360-346f-4e9b-97cc-d9c6830ccc7c;Ni Satisfactoria ni insatisfactoria;Poco práctico;Ni bien ni mal;Ni bien ni mal;Mal;Mal;Ni bien ni mal;Ni bien ni mal;Ni bien ni mal;Ni bien ni mal;Ni bien ni mal;Ni bien ni mal;Ni bien ni mal;Ni bien ni mal;Difícil;Ni fácil ni difícil;Difícil;Ni fácil ni difícil;Interesado;Muy interesado;Poco interesado;Poco interesado;Probablemente no
0da96e4d-fd26-4a7b-8c2c-9b2781706952;Ni Satisfactoria ni insatisfactoria;Útil;Ni bien ni mal;Ni bien ni mal;Mal;Ni bien ni mal;Mal;Mal;Mal;Mal;Ni bien ni mal;Muy bien;Ni bien ni mal;Ni bien ni mal;Muy fácil;Muy fácil;Muy fácil;Ni fácil ni difícil;Muy interesado;Interesado;Interesado;Indiferente;No estoy seguro/a
43209193-fdca-48aa-9525-53418e9152b2;Algo satisfactoria;Innovador;Muy bien;Excelente;Muy bien;Ni bien ni mal;Ni bien ni mal;Ni bien ni mal;Ni bien ni mal;Muy bien;Excelente;Ni bien ni mal;Muy bien;Muy bien;Muy fácil;Fácil;Fácil;Fácil;Interesado;Muy interesado;Interesado;Poco interesado;Probablemente
df789230-d273-4fd0-aa24-6f5419469295;Muy Satisfactora;Útil;Muy bien;Muy bien;Excelente;Ni bien ni mal;Muy bien;Muy bien;Muy bien;Muy bien;Excelente;Excelente;Excelente;Excelente;Muy fácil;Muy fácil;Ni fácil ni difícil;Ni fácil ni difícil;Muy interesado;Muy interesado;Poco interesado;Poco interesado;Muy probablemente
c1c1001e-d644-4bf8-81cb-aa56efaa3347;Algo satisfactoria;Innovador;Muy bien;Muy bien;Muy bien;Muy bien;Ni bien ni mal;Muy bien;Muy bien;Muy bien;Muy bien;Ni bien ni mal;Muy bien;Muy bien;Muy fácil;Muy fácil;Muy fácil;Ni fácil ni difícil;Interesado;Interesado;Interesado;Poco interesado;Probablemente
08f33d34-4cbf-4f73-bfeb-73ba2924316c;Muy Satisfactora;Innovador;Muy bien;Muy bien;Muy bien;Ni bien ni mal;Ni bien ni mal;Muy bien;Muy bien;Muy bien;Ni bien ni mal;Ni bien ni mal;Ni bien ni mal;Ni bien ni mal;Fácil;Fácil;Fácil;Fácil;Muy interesado;Muy interesado;Interesado;Interesado;Muy probablemente
9b531be8-9edb-4d66-acae-016d62a4f59d;Muy Satisfactora;Innovador;Muy bien;Excelente;Muy bien;Muy bien;Ni bien ni mal;Muy bien;Muy bien;Excelente;Excelente;Muy bien;Muy bien;Excelente;Difícil;Muy fácil;Muy fácil;Fácil;Muy interesado;Interesado;Muy interesado;Indiferente;Muy probablemente
890930db-249c-42b9-9210-573520bbaf35;Muy Satisfactora;Innovador;Muy bien;Excelente;Ni bien ni mal;Ni bien ni mal;Excelente;Excelente;Excelente;Excelente;Muy bien;Muy bien;Muy bien;Muy bien;Muy fácil;Muy fácil;Muy fácil;Ni fácil ni difícil;Interesado;Muy interesado;Poco interesado;Poco interesado;Probablemente
7b183b97-53ab-4d6d-b1d2-cc1e40cef758;Ni Satisfactoria ni insatisfactoria;Útil;Ni bien ni mal;Muy bien;Ni bien ni mal;Muy bien;Muy bien;Muy bien;Ni bien ni mal;Excelente;Excelente;Ni bien ni mal;Muy bien;Ni bien ni mal;Muy fácil;Muy fácil;Ni fácil ni difícil;Fácil;Muy interesado;Muy interesado;Poco interesado;Indiferente;Probablemente
e3b4516c-889b-4591-b434-e5c3d8ddfba3;Algo satisfactoria;Innovador, Útil;Ni bien ni mal;Muy bien;Muy bien;Muy bien;Muy bien;Muy bien;Ni bien ni mal;Muy bien;Excelente;Excelente;Excelente;Muy bien;Muy fácil;Muy fácil;Muy fácil;Fácil;Interesado;Muy interesado;Poco interesado;Poco interesado;Probablemente
4296fd72-9b65-44b3-ad6a-07865729e181;Muy Satisfactora;Innovador;Perfectamente;Excelente;Excelente;Excelente;Excelente;Excelente;Excelente;Excelente;Excelente;Excelente;Excelente;Excelente;Muy fácil;Muy fácil;Muy fácil;Muy fácil;Muy interesado;Muy interesado;Muy interesado;Interesado;Muy probablemente
f7d6557e-d566-4538-82d2-e86ce4cc823a;Algo satisfactoria;Útil;Muy bien;Muy bien;Muy bien;Ni bien ni mal;Ni bien ni mal;Ni bien ni mal;Ni bien ni mal;Excelente;Excelente;Excelente;Excelente;Excelente;Muy fácil;Muy fácil;Difícil;Ni fácil ni difícil;Muy interesado;Muy interesado;Interesado;Poco interesado;Muy probablemente
457734ad-4f7b-4420-8520-b829005c60a3;Algo insatisfactoria;Innovador;Ni bien ni mal;Mal;Mal;Muy bien;Ni bien ni mal;Muy bien;Ni bien ni mal;Muy bien;Muy bien;Muy bien;Muy bien;Mal;Muy fácil;Muy fácil;Fácil;Fácil;Interesado;Muy interesado;Poco interesado;Poco interesado;Probablemente
e0313feb-ab3d-4bf4-aeac-c85ea8da5ac6;Algo satisfactoria;Innovador, Útil;Muy bien;Muy bien;Muy bien;Muy bien;Muy bien;Muy bien;Muy bien;Muy bien;Muy bien;Muy bien;Muy bien;Muy bien;Fácil;Muy fácil;Fácil;Fácil;Interesado;Muy interesado;Interesado;Interesado;Probablemente
611e8458-e99d-4320-9835-dd10afbd40ce;Algo satisfactoria;Útil;Ni bien ni mal;Muy bien;Ni bien ni mal;Mal;Mal;Ni bien ni mal;Mal;Excelente;Excelente;Muy bien;Excelente;Excelente;Muy fácil;Muy fácil;Fácil;Ni fácil ni difícil;Muy interesado;Muy interesado;Indiferente;Indiferente;Muy probablemente
7ebfe8b4-70a7-4730-9c45-73b4c784b04e;Ni Satisfactoria ni insatisfactoria;Nada fiable;Muy mal;Muy bien;Muy bien;Muy bien;Muy mal;Muy mal;Ni bien ni mal;Muy bien;Muy bien;Muy mal;Muy mal;Ni bien ni mal;Fácil;Ni fácil ni difícil;Difícil;Difícil;Poco interesado;Poco interesado;Poco interesado;Poco interesado;Probablemente no
326e83b5-50c6-44b3-8c39-e48b31595846;Algo satisfactoria;Innovador, Útil;Muy bien;Excelente;Excelente;Muy bien;Muy bien;Muy bien;Muy bien;Excelente;Excelente;Muy bien;Muy bien;Muy bien;Muy fácil;Muy fácil;Fácil;Fácil;Muy interesado;Muy interesado;Interesado;Interesado;Probablemente
f19afcd0-3c39-499b-85ed-f10923ab2846;Muy Satisfactora;Innovador, Útil;Perfectamente;Muy bien;Muy bien;Muy bien;Muy bien;Muy bien;Excelente;Excelente;Muy bien;Muy bien;Muy bien;Muy bien;Fácil;Fácil;Fácil;Fácil;Muy interesado;Muy interesado;Interesado;Interesado;Probablemente
b7ce8255-8416-4f50-8f34-850176d2afe8;Muy Satisfactora;Innovador, Útil;Muy bien;Excelente;Muy bien;Muy bien;Muy bien;Muy bien;Excelente;Excelente;Muy bien;Muy bien;Muy bien;Excelente;Fácil;Fácil;Fácil;Ni fácil ni difícil;Muy interesado;Muy interesado;Interesado;Indiferente;Muy probablemente
adebf726-a629-4311-824c-77322ccf525c;Algo satisfactoria;Útil;Ni bien ni mal;Ni bien ni mal;Mal;Muy bien;Muy bien;Ni bien ni mal;Ni bien ni mal;Muy bien;Muy bien;Muy bien;Ni bien ni mal;Muy bien;Fácil;Fácil;Ni fácil ni difícil;Fácil;Interesado;Interesado;Interesado;Ni interesado ni indiferente;Probablemente
41f0ec6c-4e0a-4751-93fe-5a1fcf2e641d;Muy Satisfactora;Útil;Ni bien ni mal;Excelente;Ni bien ni mal;Excelente;Muy bien;Muy bien;Muy bien;Excelente;Excelente;Muy bien;Muy bien;Muy bien;Muy fácil;Muy fácil;Muy fácil;Ni fácil ni difícil;Muy interesado;Muy interesado;Interesado;Poco interesado;Muy probablemente
dd05b87a-061e-4645-8a53-0e3d22ef8e2b;Muy Satisfactora;Innovador, Útil;Muy bien;Muy bien;Muy bien;Excelente;Muy bien;Excelente;Muy bien;Muy bien;Muy bien;Muy bien;Muy bien;Muy bien;Muy fácil;Muy fácil;Muy fácil;Muy fácil;Muy interesado;Muy interesado;Muy interesado;Muy interesado;Probablemente
58e154b1-e140-4b4b-9f5c-3cf335749f80;Algo satisfactoria;Innovador, Útil;Muy bien;Muy bien;Muy bien;Muy bien;Muy bien;Muy bien;Ni bien ni mal;Muy bien;Muy bien;Excelente;Excelente;Muy bien;Fácil;Fácil;Difícil;Difícil;Muy interesado;Muy interesado;Muy interesado;Poco interesado;Probablemente
965950f5-ad77-46b8-af34-562a002b32e3;Algo satisfactoria;Útil;Muy bien;Ni bien ni mal;Muy bien;Muy bien;Ni bien ni mal;Ni bien ni mal;Ni bien ni mal;Muy bien;Muy bien;Muy bien;Muy bien;Ni bien ni mal;Fácil;Muy fácil;Ni fácil ni difícil;Ni fácil ni difícil;Poco interesado;Muy interesado;Interesado;Poco interesado;Probablemente
b744c766-af48-4d1c-9fe7-e55955186721;Muy Satisfactora;Innovador, Útil;Muy bien;Muy bien;Muy bien;Muy bien;Muy bien;Muy bien;Muy bien;Muy bien;Excelente;Excelente;Muy bien;Excelente;Muy fácil;Muy fácil;Muy fácil;Muy fácil;Muy interesado;Muy interesado;Interesado;Muy interesado;Muy probablemente
dbfdf82d-2eb8-45db-b342-f9a1e2a3515e;Muy Satisfactora;Innovador, Útil;Muy bien;Muy bien;Mal;Muy bien;Muy bien;Muy bien;Muy bien;Muy bien;Muy bien;Muy bien;Muy bien;Muy bien;Muy fácil;Muy fácil;Muy fácil;Muy fácil;Interesado;Muy interesado;Muy interesado;Interesado;Muy probablemente
b6d60b19-45c8-4a19-b416-57acb7b9144a;Muy Satisfactora;Innovador, Útil;Muy bien;Excelente;Excelente;Excelente;Muy bien;Muy bien;Muy bien;Excelente;Excelente;Excelente;Muy bien;Excelente;Muy fácil;Muy fácil;Muy fácil;Ni fácil ni difícil;Interesado;Muy interesado;Muy interesado;Poco interesado;Muy probablemente
9f28c3a3-0cd1-4c1e-8885-1b114ae5a200;Muy Satisfactora;Útil;Ni bien ni mal;Excelente;Excelente;Muy bien;Muy bien;Ni bien ni mal;Muy bien;Excelente;Excelente;Excelente;Ni bien ni mal;Excelente;Muy fácil;Muy fácil;Ni fácil ni difícil;Muy fácil;Muy interesado;Muy interesado;Interesado;Muy interesado;Probablemente
bf15f6ba-85fc-4e18-8a95-a07bb6d322f7;Ni Satisfactoria ni insatisfactoria;Poco práctico, Nada fiable;Más bien mal;Muy bien;Ni bien ni mal;Muy bien;Ni bien ni mal;Mal;Mal;Muy bien;Muy bien;Mal;Mal;Mal;Fácil;Fácil;Difícil;Ni fácil ni difícil;Interesado;Interesado;Poco interesado;Ni interesado ni indiferente;Probablemente no
3053dd89-36db-4906-8c72-3048e41726fe;Algo satisfactoria;Útil;Ni bien ni mal;Ni bien ni mal;Muy bien;Muy bien;Muy bien;Muy bien;Muy bien;Muy bien;Excelente;Excelente;Excelente;Excelente;Muy fácil;Muy fácil;Fácil;Muy fácil;Muy interesado;Muy interesado;Poco interesado;Muy interesado;Probablemente
f8249505-4885-4e7e-8757-6367a5d92f2d;Algo satisfactoria;Poco práctico;Ni bien ni mal;Mal;Mal;Muy mal;Mal;Mal;Muy mal;Ni bien ni mal;Ni bien ni mal;Ni bien ni mal;Ni bien ni mal;Ni bien ni mal;Fácil;Fácil;Fácil;Ni fácil ni difícil;Interesado;Muy interesado;Interesado;Poco interesado;No estoy seguro/a
e8523035-a619-4436-9f39-b35342455f34;Ni Satisfactoria ni insatisfactoria;Poco práctico;Ni bien ni mal;Muy bien;Mal;Mal;Mal;Muy bien;Ni bien ni mal;Muy bien;Mal;Mal;Ni bien ni mal;Mal;Fácil;Fácil;Difícil;Ni fácil ni difícil;Muy interesado;Muy interesado;Poco interesado;Indiferente;No estoy seguro/a
9345ea11-1827-4e4e-be6b-35cb0839b75f;Algo satisfactoria;Útil;Muy bien;Muy bien;Muy bien;Ni bien ni mal;Muy bien;Muy bien;Muy bien;Muy bien;Muy bien;Muy bien;Muy bien;Excelente;Fácil;Fácil;Fácil;Fácil;Muy interesado;Muy interesado;Interesado;Interesado;Probablemente
9348c9bb-e66e-4970-94c8-609ba5461ef2;Ni Satisfactoria ni insatisfactoria;Útil;Ni bien ni mal;Mal;Ni bien ni mal;Mal;Mal;Ni bien ni mal;Mal;Excelente;Excelente;Muy bien;Excelente;Excelente;Muy fácil;Muy fácil;Muy fácil;Muy fácil;Interesado;Muy interesado;Ni interesado ni indiferente;Ni interesado ni indiferente;Probablemente
3aad57a3-eead-460c-a8a9-a9205f1c7845;Muy Satisfactora;Innovador;Muy bien;Excelente;Muy bien;Excelente;Excelente;Excelente;Excelente;Excelente;Excelente;Excelente;Excelente;Excelente;Muy fácil;Muy fácil;Muy fácil;Muy fácil;Interesado;Muy interesado;Poco interesado;Poco interesado;Probablemente
5b9161a3-24b8-41f5-ac7d-6159fcb94bde;Algo satisfactoria;Útil;Ni bien ni mal;Excelente;Excelente;Excelente;Muy bien;Muy bien;Muy bien;Excelente;Excelente;Muy bien;Muy bien;Muy bien;Muy fácil;Muy fácil;Fácil;Fácil;Muy interesado;Muy interesado;Interesado;Poco interesado;Probablemente
1de2cf65-092d-4791-9257-374470bdb3c3;Algo satisfactoria;Innovador, Útil;Muy bien;Ni bien ni mal;Mal;Ni bien ni mal;Ni bien ni mal;Muy bien;Muy bien;Ni bien ni mal;Muy bien;Muy bien;Muy bien;Excelente;Muy fácil;Muy fácil;Muy fácil;Fácil;Muy interesado;Muy interesado;Muy interesado;Interesado;No estoy seguro/a
3055501b-b4c6-4dca-8cfb-25222c93f7a2;Muy Satisfactora;Innovador, Útil;Muy bien;Excelente;Muy bien;Muy bien;Muy bien;Muy bien;Muy bien;Excelente;Excelente;Excelente;Excelente;Excelente;Fácil;Fácil;Fácil;Fácil;Interesado;Muy interesado;Muy interesado;Interesado;Muy probablemente
d0b62268-6a41-4bb1-b3b5-cdd5e7e86e62;Ni Satisfactoria ni insatisfactoria;Útil;Ni bien ni mal;Muy bien;Muy bien;Muy bien;Muy bien;Muy bien;Ni bien ni mal;Muy bien;Ni bien ni mal;Ni bien ni mal;Muy bien;Muy bien;Fácil;Fácil;Fácil;Fácil;Interesado;Interesado;Interesado;Poco interesado;Probablemente
1bfb53a5-cfd7-401e-be4a-208479616076;Muy Satisfactora;Innovador, Útil;Perfectamente;Excelente;Ni bien ni mal;Excelente;Excelente;Excelente;Excelente;Excelente;Excelente;Excelente;Excelente;Excelente;Muy fácil;Muy fácil;Muy fácil;Muy fácil;Muy interesado;Muy interesado;Muy interesado;Muy interesado;Muy probablemente
9323047a-a269-4825-aa58-5c318a55c9d4;Ni Satisfactoria ni insatisfactoria;Útil, Único;Ni bien ni mal;Muy bien;Excelente;Excelente;Muy bien;Muy bien;Muy bien;Muy bien;Muy bien;Muy bien;Muy bien;Muy bien;Muy fácil;Fácil;Fácil;Ni fácil ni difícil;Interesado;Interesado;Poco interesado;Poco interesado;No estoy seguro/a
b1964ba4-bbcb-4c0b-83f1-010c30883460;Algo satisfactoria;Innovador, Útil;Muy bien;Excelente;Excelente;Muy bien;Ni bien ni mal;Ni bien ni mal;Mal;Excelente;Excelente;Excelente;Excelente;Excelente;Muy fácil;Muy fácil;Fácil;Fácil;Muy interesado;Muy interesado;Poco interesado;Ni interesado ni indiferente;Probablemente
05be51c3-e74b-4d02-a4bd-942c68c76f0c;Algo satisfactoria;Innovador, Único, Baja Calidad;Ni bien ni mal;Ni bien ni mal;Ni bien ni mal;Mal;Ni bien ni mal;Ni bien ni mal;Ni bien ni mal;Ni bien ni mal;Mal;Ni bien ni mal;Ni bien ni mal;Ni bien ni mal;Fácil;Fácil;Difícil;Difícil;Interesado;Interesado;Interesado;Interesado;Probablemente
1c71ebe5-aca3-4b3e-8ba1-8cfe7585b2aa;Muy Satisfactora;Útil;Perfectamente;Excelente;Excelente;Excelente;Excelente;Excelente;Excelente;Excelente;Excelente;Excelente;Excelente;Excelente;Muy fácil;Muy fácil;Muy fácil;Muy fácil;Muy interesado;Muy interesado;Muy interesado;Muy interesado;Muy probablemente
b3718348-a94f-49ac-861d-3ae5d864ee7b;Algo satisfactoria;Innovador, Útil;Muy bien;Muy bien;Muy bien;Muy bien;Muy bien;Ni bien ni mal;Mal;Muy bien;Excelente;Excelente;Excelente;Excelente;Muy fácil;Muy fácil;Muy fácil;Muy fácil;Muy interesado;Muy interesado;Muy interesado;Muy interesado;Probablemente
74394159-b0da-4c99-b1de-7bd265f6e581;Algo satisfactoria;Útil;Ni bien ni mal;Mal;Ni bien ni mal;Ni bien ni mal;Ni bien ni mal;Ni bien ni mal;Ni bien ni mal;Muy bien;Muy bien;Muy bien;Muy bien;Muy bien;Muy fácil;Muy fácil;Muy fácil;Difícil;Interesado;Muy interesado;Poco interesado;Ni interesado ni indiferente;Probablemente no
3bff485c-2e8b-4501-b931-8a67f61ffbf7;Ni Satisfactoria ni insatisfactoria;Poco práctico;Ni bien ni mal;Mal;Mal;Ni bien ni mal;Ni bien ni mal;Ni bien ni mal;Ni bien ni mal;Ni bien ni mal;Ni bien ni mal;Ni bien ni mal;Ni bien ni mal;Ni bien ni mal;Muy fácil;Muy fácil;Muy fácil;Muy fácil;Interesado;Interesado;Poco interesado;Poco interesado;Probablemente no
285a5ef9-f628-4bc9-802e-f646ed065b06;Algo satisfactoria;Innovador;Muy bien;Muy bien;Muy bien;Ni bien ni mal;Mal;Muy bien;Ni bien ni mal;Excelente;Excelente;Excelente;Muy bien;Excelente;Muy fácil;Muy fácil;Muy fácil;Fácil;Muy interesado;Muy interesado;Muy interesado;Muy interesado;Probablemente
3dfa28c7-1e5f-45aa-b451-972e6bbcbf48;Algo satisfactoria;Innovador, Útil;Muy bien;Excelente;Muy bien;Ni bien ni mal;Ni bien ni mal;Muy bien;Muy bien;Excelente;Excelente;Muy bien;Excelente;Excelente;Muy fácil;Muy fácil;Muy fácil;Muy fácil;Interesado;Muy interesado;Muy interesado;Interesado;Probablemente
