﻿Imagina que la compañía de aguas facilitara la app DAIAD de forma gratuita. ¿La utilizarías?;¿Crees que DAIAD te ayudaría a ahorrar agua?;¿Debería ser un servicio gratuito para todos los consumidores? ¿O deberían ser los clientes interesados en utilizar la app quienes paguen por utilizarla?;DAIAD podría facilitarse mediante pago único. Esto significa que cada hogar pagaría sólo una vez y tendría acceso a DAIAD para siempre. ¿Estarías de acuerdo con este sistema de adquisición?;¿Cuánto estarías dispuesto a pagar por él si su adquisición fuera mediante pago único? ;Alternativamente, DAIAD podría incluirse como un concepto más en la factura. Esto significa que pagaríamos una pequeña cantidad por el uso de la app en cada factura para tener acceso al sistema DAIAD. ¿Estarías de acuerdo con este sistema de pago?;En caso afirmativo, ¿cuánto dinero estarías dispuesto a pagar (anualmente) como suplemento en tu factura del agua por el uso de la app?;Las opciones anteriores podrían complementarse con un esquema de “recompensa”: los hogares capaces de ahorrar una cierta cantidad de agua tendrían acceso gratuito a la app como premio a su mejora. ¿Estarías de acuerdo con este sistema de recompensa?;En este último caso, ¿cuánta agua crees que debería ahorrar un hogar para tener acceso gratuito a la app?;Sabiendo que el mayor consumo de agua y el segundo consumo energético en el hogar corresponde a la ducha, ¿crees que Amphiro b1 podría ayudarte a ahorrar?;¿Cómo de dispuesto estarías a adquirir el Amphiro b1 si éste costara…?;Si el Amphiro b1 fuera facilitado de forma gratuita, ¿Lo utilizarías?;En comparación a otros hogares, creo que el mío:;¿Qué edad tienes?;Nivel de formación (si está actualmente realizando uno, indica el último que has completado);¿Cuál es tu salario bruto anual?;¿De cuántas personas se compone tu hogar incluyéndote a tí?
Tal vez;Tal vez;App adquirida por los interesados;De acuerdo;9,99 Euros;De acuerdo;0,50 €;Totalmente de acuerdo;10%;Si;< 50 Euros;Definitivamente Si;Consume poca agua;35-44 años;Máster;25.000-30.000 euros;1
Si;Sí;Servicio gratuito de la compañía de Aguas;De acuerdo;9,99 Euros;Neutral;0,50 €;Totalmente de acuerdo;10%;Si;51 - 80 Euros;Definitivamente Si;Tiene un consumo medio de agua;45-54 años;Máster;25.000-30.000 euros;2
Definitivamente Si;Definitivamente Sí;Servicio gratuito de la compañía de Aguas;Totalmente en contra;No pagaría por él;Totalmente en contra;No pagaría por él;Totalmente en contra;No estoy de acuerdo con este supuesto;Definitivamente Si;< 50 Euros;Definitivamente Si;Tiene un consumo medio de agua;35-44 años;Graduado o Ciclo Formativo Grado Superior;50.000-60.000 euros;2
Definitivamente Si;Sí;Servicio gratuito de la compañía de Aguas;En desacuerdo;No pagaría por él;En desacuerdo;No pagaría por él;De acuerdo;15%;Si;< 50 Euros;Definitivamente Si;Tiene un consumo medio de agua;55-64 años;Graduado o Ciclo Formativo Grado Superior;25.000-30.000 euros;2
Tal vez;Tal vez;Servicio gratuito de la compañía de Aguas;De acuerdo;No pagaría por él;En desacuerdo;No pagaría por él;De acuerdo;10%;Tal vez;< 50 Euros;Puede;Tiene un consumo medio de agua;65-74 años;Graduado o Ciclo Formativo Grado Superior;20.000-25.000 euros;2
Definitivamente Si;Definitivamente Sí;Servicio gratuito de la compañía de Aguas;En desacuerdo;No pagaría por él;En desacuerdo;No pagaría por él;De acuerdo;5% (Respecto a su consumo habitual);Definitivamente Si;51 - 80 Euros;Definitivamente Si;Tiene un consumo medio de agua;35-44 años;Bachillerato;20.000-25.000 euros;2
Definitivamente Si;Sí;Servicio gratuito de la compañía de Aguas;Totalmente de acuerdo;24,99 Euros;Totalmente de acuerdo;0,50 €;Totalmente de acuerdo;10%;Definitivamente Si;< 50 Euros;Definitivamente Si;Consume poca agua;35-44 años;Graduado o Ciclo Formativo Grado Superior;20.000-25.000 euros;1
Definitivamente Si;Definitivamente Sí;Servicio gratuito de la compañía de Aguas;Neutral;0,99 Euros;Totalmente en contra;No pagaría por él;Neutral;5% (Respecto a su consumo habitual);Definitivamente Si;< 50 Euros;Definitivamente Si;Consume poca agua;25-34 años;Máster;Más de 60.000 euros;2
Si;Sí;Servicio gratuito de la compañía de Aguas;Neutral;9,99 Euros;De acuerdo;4,00 €;Totalmente de acuerdo;5% (Respecto a su consumo habitual);Definitivamente Si;< 50 Euros;Definitivamente Si;Tiene un consumo medio de agua;55-64 años;Máster;50.000-60.000 euros;5
Definitivamente Si;Sí;Servicio gratuito de la compañía de Aguas;Neutral;9,99 Euros;Neutral;1,00 €;Totalmente de acuerdo;10%;Definitivamente Si;< 50 Euros;Definitivamente Si;Consume mucha agua;45-54 años;Graduado o Ciclo Formativo Grado Superior;20.000-25.000 euros;4
Tal vez;Tal vez;Servicio gratuito de la compañía de Aguas;En desacuerdo;No pagaría por él;Totalmente en contra;No pagaría por él;Neutral;No estoy de acuerdo con este supuesto;Si;< 50 Euros;Definitivamente Si;Consume poca agua;45-54 años;Máster;50.000-60.000 euros;4
Definitivamente Si;Definitivamente Sí;Servicio gratuito de la compañía de Aguas;En desacuerdo;No pagaría por él;En desacuerdo;No pagaría por él;De acuerdo;5% (Respecto a su consumo habitual);Definitivamente Si;< 50 Euros;Definitivamente Si;Tiene un consumo medio de agua;45-54 años;Graduado o Ciclo Formativo Grado Superior;40.000-50.000 euros;
Definitivamente Si;Definitivamente Sí;Servicio gratuito de la compañía de Aguas;Totalmente en contra;No pagaría por él;Totalmente en contra;No pagaría por él;Totalmente en contra;No estoy de acuerdo con este supuesto;Definitivamente Si;< 50 Euros;Definitivamente Si;Consume poca agua;25-34 años;Graduado o Ciclo Formativo Grado Superior;Menos de 15.000 euros;1
Si;Sí;Servicio gratuito de la compañía de Aguas;En desacuerdo;No pagaría por él;En desacuerdo;No pagaría por él;De acuerdo;5% (Respecto a su consumo habitual);Si;< 50 Euros;Definitivamente Si;Consume poca agua;55-64 años;Graduado o Ciclo Formativo Grado Superior;30.000-35.000 euros;2
Definitivamente Si;Definitivamente Sí;Servicio gratuito de la compañía de Aguas;De acuerdo;9,99 Euros;Totalmente en contra;1,00 €;En desacuerdo;No estoy de acuerdo con este supuesto;Si;< 50 Euros;Definitivamente Si;Tiene un consumo medio de agua;55-64 años;Doctorado;Más de 60.000 euros;4
Si;Sí;Servicio gratuito de la compañía de Aguas;De acuerdo;4,99 Euros;Totalmente en contra;No pagaría por él;Neutral;10%;Si;< 50 Euros;Definitivamente Si;Consume mucha agua;35-44 años;Máster;15.000-20.000 euros;3
Si;Sí;Servicio gratuito de la compañía de Aguas;De acuerdo;0,99 Euros;Neutral;No pagaría por él;De acuerdo;10%;Si;< 50 Euros;Definitivamente Si;Consume poca agua;25-34 años;Máster;25.000-30.000 euros;1
Si;Sí;Servicio gratuito de la compañía de Aguas;Neutral;No pagaría por él;Neutral;No pagaría por él;De acuerdo;10%;Si;< 50 Euros;Puede;Consume mucha agua;35-44 años;Bachillerato;15.000-20.000 euros;5
Si;Tal vez;Servicio gratuito de la compañía de Aguas;En desacuerdo;0,99 Euros;En desacuerdo;No pagaría por él;De acuerdo;5% (Respecto a su consumo habitual);Si;< 50 Euros;Definitivamente Si;Tiene un consumo medio de agua;45-54 años;Ciclo Formativo de Grado Medio;30.000-35.000 euros;3
Si;Sí;App adquirida por los interesados;Totalmente de acuerdo;0,99 Euros;Totalmente en contra;No pagaría por él;Neutral;No estoy de acuerdo con este supuesto;Si;81 - 140 Euros;Puede;Consume mucha agua;55-64 años;Graduado o Ciclo Formativo Grado Superior;40.000-50.000 euros;2
Si;Sí;Servicio gratuito de la compañía de Aguas;Totalmente en contra;No pagaría por él;Totalmente de acuerdo;1,00 €;Totalmente de acuerdo;10%;Definitivamente Si;< 50 Euros;Definitivamente Si;Consume poca agua;35-44 años;Bachillerato;15.000-20.000 euros;1
No;Sí;Servicio gratuito de la compañía de Aguas;En desacuerdo;No pagaría por él;Totalmente en contra;No pagaría por él;Totalmente en contra;No estoy de acuerdo con este supuesto;Definitivamente Si;< 50 Euros;Definitivamente Si;Tiene un consumo medio de agua;45-54 años;Graduado o Ciclo Formativo Grado Superior;50.000-60.000 euros;3
Si;Sí;Servicio gratuito de la compañía de Aguas;De acuerdo;9,99 Euros;En desacuerdo;No pagaría por él;De acuerdo;5% (Respecto a su consumo habitual);Si;< 50 Euros;Definitivamente Si;Consume poca agua;55-64 años;Graduado o Ciclo Formativo Grado Superior;;3
Definitivamente Si;Definitivamente Sí;App adquirida por los interesados;De acuerdo;9,99 Euros;Totalmente de acuerdo;4,00 €;Totalmente de acuerdo;5% (Respecto a su consumo habitual);Definitivamente Si;< 50 Euros;Definitivamente Si;Tiene un consumo medio de agua;35-44 años;Graduado o Ciclo Formativo Grado Superior;40.000-50.000 euros;4
Si;Sí;Servicio gratuito de la compañía de Aguas;Neutral;0,99 Euros;Totalmente en contra;1,00 €;En desacuerdo;No estoy de acuerdo con este supuesto;Definitivamente Si;< 50 Euros;Definitivamente Si;Tiene un consumo medio de agua;35-44 años;Ciclo Formativo de Grado Medio;25.000-30.000 euros;2
Definitivamente Si;Definitivamente Sí;Servicio gratuito de la compañía de Aguas;En desacuerdo;4,99 Euros;En desacuerdo;No pagaría por él;De acuerdo;10%;Definitivamente Si;< 50 Euros;Definitivamente Si;No estoy seguro;45-54 años;Graduado o Ciclo Formativo Grado Superior;40.000-50.000 euros;4
No;Tal vez;Servicio gratuito de la compañía de Aguas;Neutral;No pagaría por él;De acuerdo;1,00 €;En desacuerdo;No estoy de acuerdo con este supuesto;Tal vez;< 50 Euros;Puede;Tiene un consumo medio de agua;45-54 años;Graduado o Ciclo Formativo Grado Superior;20.000-25.000 euros;2
Definitivamente Si;Definitivamente Sí;Servicio gratuito de la compañía de Aguas;De acuerdo;2,99;En desacuerdo;;De acuerdo;15%;Si;< 50 Euros;Definitivamente Si;Tiene un consumo medio de agua;45-54 años;Máster;Más de 60.000 euros;4
Si;Sí;Servicio gratuito de la compañía de Aguas;Totalmente en contra;No pagaría por él;Totalmente en contra;No pagaría por él;De acuerdo;5% (Respecto a su consumo habitual);Si;< 50 Euros;Puede;Tiene un consumo medio de agua;35-44 años;Graduado o Ciclo Formativo Grado Superior;30.000-35.000 euros;4
