﻿ID;Â¿QuÃ© edad tienes?;Nivel de formaciÃ³n. (Si estÃ¡ actualmente realizando uno,indica el Ãºltimo que has recibido);GÃ©nero;Â¿CuÃ¡ntas duchas tipo telÃ©fono tienes en casa?;Â¿Dispone su hogar al menos de un Smartphone? Elija una opciÃ³n:;Mi tablet es...;Tanto para el smartphone como para la tablet, Â¿Sueles encender el Bluetooth?;Â¿Tienes conexiÃ³n Wi-Fi en casa?;Â¿Tienes conexiÃ³n de datos en tu telÃ©fono?;Â¿Tienes planeado estar fuera de tu vivienda habitual durante mÃ¡s de 3 meses? (Por ejemplo. Vacaciones, residencia de verano, etc);Â¿Nos das tu consentimiento para utilizar tus datos y los de las personas que viven contigo durante el piloto?;Â¿EstÃ¡s dispuesto a darnos tus opiniones y comentarios acerca del proyecto a lo largo del piloto?;Â¿CuÃ¡ntos de ellos son menores de edad?;Â¿QuÃ© superficie aproximada tiene tu vivienda?
5600a904-1deb-4a57-becc-d32183788f5b;45-54 aÃ±os;Graduado o Ciclo Formativo Grado Superior;Hombre;2;Sistema Operativo Android (Por ejemplo. HTC, Samsung, LG, Sony, Motorola);Sistema Operativo Android;De vez en cuando;Si;Si;No;Si;Si;1;de 81 a 110 metros cuadrados
b1964ba4-bbcb-4c0b-83f1-010c30883460;25-34 aÃ±os;MÃ¡ster;Mujer;2;Sistema Operativo Android (Por ejemplo. HTC, Samsung, LG, Sony, Motorola);Sistema Operativo IOS (Por ejemplo. iPad/iPad mini);Bastante a menudo;Si;Si;No;Si;Si;Ninguno;de 81 a 110 metros cuadrados
219ffd09-b533-4b79-828d-210cd4aacf80;25-34 aÃ±os;Graduado o Ciclo Formativo Grado Superior;Mujer;2;Sistema Operativo Android (Por ejemplo. HTC, Samsung, LG, Sony, Motorola);Sistema Operativo Android;Siempre o casi siempre;Si;Si;No;Si;Si;Ninguno;de 61 a 80 metros cuadrados
3b3f57d3-8890-4d52-845d-4e9162d7d066;25-34 aÃ±os;Graduado o Ciclo Formativo Grado Superior;Mujer;1;Sistema Operativo Android (Por ejemplo. HTC, Samsung, LG, Sony, Motorola);No tengo tablet;De vez en cuando;Si;Si;No;Si;Si;Ninguno;de 61 a 80 metros cuadrados
68777360-346f-4e9b-97cc-d9c6830ccc7c;45-54 aÃ±os;Graduado o Ciclo Formativo Grado Superior;Hombre;2;Sistema Operativo Android (Por ejemplo. HTC, Samsung, LG, Sony, Motorola);No tengo tablet;Siempre o casi siempre;Si;Si;No;Si;Si;Ninguno;mÃ¡s de 111 metros cuadrados
ae65621d-aeb6-485c-8050-54b8ac111c1c;45-54 aÃ±os;Graduado o Ciclo Formativo Grado Superior;Hombre;2;Sistema Operativo Android (Por ejemplo. HTC, Samsung, LG, Sony, Motorola);Sistema Operativo Android;De vez en cuando;Si;Si;No;Si;Si;2;mÃ¡s de 111 metros cuadrados
c367276f-a87d-43f5-9a71-6df0cfbce43e;35-44 aÃ±os;Bachillerato o Ciclo Formativo Grado Medio;Hombre;2;Sistema Operativo Android (Por ejemplo. HTC, Samsung, LG, Sony, Motorola);No tengo tablet;Nunca o casi nunca;Si;Si;No;Si;Si;1;de 81 a 110 metros cuadrados
22aa9c93-a998-480d-ae66-34ad1d03d0d3;25-34 aÃ±os;MÃ¡ster;Hombre;1;Sistema Operativo Android (Por ejemplo. HTC, Samsung, LG, Sony, Motorola);Sistema Operativo IOS (Por ejemplo. iPad/iPad mini);Siempre o casi siempre;Si;Si;No;Si;Si;Ninguno;de 81 a 110 metros cuadrados
93455839-8e5d-4b4b-b2b7-6069d213d072;45-54 aÃ±os;EducaciÃ³n Secundaria Obligatoria;Mujer;2;Sistema Operativo Android (Por ejemplo. HTC, Samsung, LG, Sony, Motorola);Sistema Operativo Android;Lo enciendo sÃ³lo cuando lo necesito;Si;Si;No;Si;Si;1;de 81 a 110 metros cuadrados
e3b4516c-889b-4591-b434-e5c3d8ddfba3;18-24 aÃ±os;MÃ¡ster;Hombre;1;Sistema Operativo Android (Por ejemplo. HTC, Samsung, LG, Sony, Motorola);Sistema Operativo IOS (Por ejemplo. iPad/iPad mini);Bastante a menudo;Si;Si;No;Si;Si;Ninguno;de 81 a 110 metros cuadrados
f8249505-4885-4e7e-8757-6367a5d92f2d;35-44 aÃ±os;MÃ¡ster;Hombre;2;Sistema Operativo IOS (Por ejemplo. iPhone 4, iPhone 5 o versiones posteriores);Sistema Operativo IOS (Por ejemplo. iPad/iPad mini);Siempre o casi siempre;Si;Si;No;Si;Si;1;de 81 a 110 metros cuadrados
e7f0a147-d542-4753-81e1-6547b4720d0e;35-44 aÃ±os;Graduado o Ciclo Formativo Grado Superior;Hombre;1;Sistema Operativo IOS (Por ejemplo. iPhone 4, iPhone 5 o versiones posteriores);Sistema Operativo IOS (Por ejemplo. iPad/iPad mini);De vez en cuando;Si;Si;No;Si;Si;2;de 81 a 110 metros cuadrados
9f28c3a3-0cd1-4c1e-8885-1b114ae5a200;35-44 aÃ±os;Bachillerato o Ciclo Formativo Grado Medio;Hombre;1;Sistema Operativo IOS (Por ejemplo. iPhone 4, iPhone 5 o versiones posteriores);Sistema Operativo IOS (Por ejemplo. iPad/iPad mini);Siempre o casi siempre;Si;Si;No;Si;Si;Ninguno;mÃ¡s de 111 metros cuadrados
26bead9d-f7c9-4502-94a5-c36970cfbe20;55-64 aÃ±os;Graduado o Ciclo Formativo Grado Superior;Hombre;2;Sistema Operativo Windows (Por ejemplo. Windows Phone or Windows 10 en Nokia, Samsung, HTC, Huawei);Sistema Operativo Android;Siempre o casi siempre;Si;Si;No;Si;Si;Ninguno;mÃ¡s de 111 metros cuadrados
12913a45-9436-47d3-a25c-21bff410f1ee;35-44 aÃ±os;Graduado o Ciclo Formativo Grado Superior;Hombre;1;Sistema Operativo Android (Por ejemplo. HTC, Samsung, LG, Sony, Motorola);Sistema Operativo Android;Siempre o casi siempre;Si;Si;No;Si;Si;2;de 81 a 110 metros cuadrados
d74f9433-1439-490e-9946-f22c3438def4;35-44 aÃ±os;Graduado o Ciclo Formativo Grado Superior;Hombre;3;Sistema Operativo Android (Por ejemplo. HTC, Samsung, LG, Sony, Motorola);Sistema Operativo Android;De vez en cuando;Si;Si;No;Si;Si;3;mÃ¡s de 111 metros cuadrados
e0b92f6b-4019-40d4-b08a-aadd1e53158d;45-54 aÃ±os;MÃ¡ster;Mujer;2;Sistema Operativo IOS (Por ejemplo. iPhone 4, iPhone 5 o versiones posteriores);Sistema Operativo IOS (Por ejemplo. iPad/iPad mini);De vez en cuando;Si;Si;No;Si;Si;Ninguno;mÃ¡s de 111 metros cuadrados
f34a63e1-ee19-443a-98ae-c8034ca1eb87;35-44 aÃ±os;Graduado o Ciclo Formativo Grado Superior;Mujer;2;Sistema Operativo Android (Por ejemplo. HTC, Samsung, LG, Sony, Motorola);Sistema Operativo Android;Nunca o casi nunca;Si;Si;No;Si;Si;3;de 81 a 110 metros cuadrados
7b2ec0d1-31e5-4be5-87c9-144742f4ebba;35-44 aÃ±os;Bachillerato o Ciclo Formativo Grado Medio;Mujer;2;Sistema Operativo Android (Por ejemplo. HTC, Samsung, LG, Sony, Motorola);Sistema Operativo IOS (Por ejemplo. iPad/iPad mini);Bastante a menudo;Si;Si;No;Si;Si;3;de 81 a 110 metros cuadrados
6eac40cd-e727-4a9b-8ebb-004074c240e9;35-44 aÃ±os;Bachillerato o Ciclo Formativo Grado Medio;Hombre;3;Sistema Operativo IOS (Por ejemplo. iPhone 4, iPhone 5 o versiones posteriores);Sistema Operativo IOS (Por ejemplo. iPad/iPad mini);Lo enciendo sÃ³lo cuando lo necesito;Si;Si;No;Si;Si;5 o mÃ¡s;mÃ¡s de 111 metros cuadrados
5b0f6efc-1195-43ff-bce2-7f84fb6abc62;35-44 aÃ±os;Graduado o Ciclo Formativo Grado Superior;Mujer;2;Sistema Operativo Android (Por ejemplo. HTC, Samsung, LG, Sony, Motorola);Sistema Operativo Android;Bastante a menudo;Si;Si;No;Si;Si;3;de 81 a 110 metros cuadrados
239b6948-00b5-46c3-a4b4-794d99f9749d;25-34 aÃ±os;Graduado o Ciclo Formativo Grado Superior;Mujer;2;Sistema Operativo Android (Por ejemplo. HTC, Samsung, LG, Sony, Motorola);No tengo tablet;Ocasionalmente;Si;Si;No;Si;Si;Ninguno;de 81 a 110 metros cuadrados
9e4c9d73-60ff-47a2-b879-1a87c703c7ca;45-54 aÃ±os;MÃ¡ster;Hombre;2;No tengo smartphone;Sistema Operativo IOS (Por ejemplo. iPad/iPad mini);Siempre o casi siempre;Si;No;No;Si;Si;1;mÃ¡s de 111 metros cuadrados
da98dc95-8126-487f-95ab-1f89fd5d463a;45-54 aÃ±os;Graduado o Ciclo Formativo Grado Superior;Hombre;2;Sistema Operativo Windows (Por ejemplo. Windows Phone or Windows 10 en Nokia, Samsung, HTC, Huawei);Sistema Operativo Windows;Ocasionalmente;Si;Si;No;Si;Si;1;de 81 a 110 metros cuadrados
89c246bd-69ad-4af6-8ef9-f2d21c0831b4;45-54 aÃ±os;Bachillerato o Ciclo Formativo Grado Medio;Hombre;2;Sistema Operativo Android (Por ejemplo. HTC, Samsung, LG, Sony, Motorola);Sistema Operativo Android;Bastante a menudo;Si;Si;No;Si;Si;Ninguno;de 81 a 110 metros cuadrados
9e0ecf62-74e4-4c62-962a-a00630c3790e;55-64 aÃ±os;Doctorado;Hombre;3;Sistema Operativo Android (Por ejemplo. HTC, Samsung, LG, Sony, Motorola);Sistema Operativo Android;De vez en cuando;Si;Si;No;Si;Si;Ninguno;mÃ¡s de 111 metros cuadrados
77603de9-635c-4ed1-8f03-7a05163396a3;35-44 aÃ±os;MÃ¡ster;Hombre;2;Sistema Operativo Android (Por ejemplo. HTC, Samsung, LG, Sony, Motorola);Sistema Operativo Android;Bastante a menudo;Si;Si;No;Si;Si;Ninguno;mÃ¡s de 111 metros cuadrados
39ef26a5-a203-4a1a-baf6-26832c116874;35-44 aÃ±os;MÃ¡ster;Hombre;1;Sistema Operativo Windows (Por ejemplo. Windows Phone or Windows 10 en Nokia, Samsung, HTC, Huawei);Sistema Operativo IOS (Por ejemplo. iPad/iPad mini);Ocasionalmente;Si;Si;No;Si;Si;2;de 61 a 80 metros cuadrados
890930db-249c-42b9-9210-573520bbaf35;25-34 aÃ±os;MÃ¡ster;Hombre;1;Sistema Operativo Android (Por ejemplo. HTC, Samsung, LG, Sony, Motorola);Sistema Operativo Android;Siempre o casi siempre;Si;Si;No;Si;Si;Ninguno;mÃ¡s de 111 metros cuadrados
e0bd8234-d00a-4029-afff-cc543229df63;55-64 aÃ±os;MÃ¡ster;Hombre;2;Sistema Operativo Android (Por ejemplo. HTC, Samsung, LG, Sony, Motorola);Sistema Operativo Windows;Lo enciendo sÃ³lo cuando lo necesito;Si;Si;No;Si;Si;Ninguno;de 81 a 110 metros cuadrados
b056ec58-152c-469e-b44a-3165ec028ef7;65-74 aÃ±os;Bachillerato o Ciclo Formativo Grado Medio;Hombre;2;Sistema Operativo Android (Por ejemplo. HTC, Samsung, LG, Sony, Motorola);Sistema Operativo IOS (Por ejemplo. iPad/iPad mini);Nunca o casi nunca;Si;Si;No;Si;Si;Ninguno;de 81 a 110 metros cuadrados
1398f51e-9ec4-464e-ac1c-c53c80cf03e3;45-54 aÃ±os;Graduado o Ciclo Formativo Grado Superior;Hombre;2;Otro Sistema Operativo Diferente (Por ejemplo. Blackberry, Firefox, Sailfish, Ubuntu, Tizen);Sistema Operativo Android;Lo enciendo sÃ³lo cuando lo necesito;Si;Si;No;Si;Si;2;de 81 a 110 metros cuadrados
0cf20537-2151-4c4d-acde-e1b5d06168d4;35-44 aÃ±os;Graduado o Ciclo Formativo Grado Superior;Mujer;2;Sistema Operativo Android (Por ejemplo. HTC, Samsung, LG, Sony, Motorola);Sistema Operativo Android;De vez en cuando;Si;Si;No;Si;Si;3;mÃ¡s de 111 metros cuadrados
e97fff44-2305-4567-b900-af99cf57e9bb;45-54 aÃ±os;Graduado o Ciclo Formativo Grado Superior;Mujer;1;Sistema Operativo Android (Por ejemplo. HTC, Samsung, LG, Sony, Motorola);No tengo tablet;Ocasionalmente;Si;Si;No;Si;Si;2;de 81 a 110 metros cuadrados
0da96e4d-fd26-4a7b-8c2c-9b2781706952;35-44 aÃ±os;Graduado o Ciclo Formativo Grado Superior;Hombre;2;Sistema Operativo Android (Por ejemplo. HTC, Samsung, LG, Sony, Motorola);Sistema Operativo Android;Siempre o casi siempre;Si;Si;No;Si;Si;2;de 81 a 110 metros cuadrados
bd6d0895-6e3d-4244-9349-7eae96d67f0c;55-64 aÃ±os;MÃ¡ster;Hombre;2;Sistema Operativo Android (Por ejemplo. HTC, Samsung, LG, Sony, Motorola);Sistema Operativo Android;Nunca o casi nunca;Si;Si;No;Si;Si;1;de 81 a 110 metros cuadrados
d4dc1e9b-ba88-458f-8079-807ccb0124aa;25-34 aÃ±os;Graduado o Ciclo Formativo Grado Superior;Mujer;1;Sistema Operativo Android (Por ejemplo. HTC, Samsung, LG, Sony, Motorola);Sistema Operativo IOS (Por ejemplo. iPad/iPad mini);Ocasionalmente;Si;Si;No;Si;Si;Ninguno;de 81 a 110 metros cuadrados
d627cba4-b4f7-4e92-9b37-8c1ce8d91e7c;45-54 aÃ±os;Graduado o Ciclo Formativo Grado Superior;Hombre;2;Sistema Operativo IOS (Por ejemplo. iPhone 4, iPhone 5 o versiones posteriores);Sistema Operativo Windows;Siempre o casi siempre;Si;Si;No;Si;Si;2;mÃ¡s de 111 metros cuadrados
ba70d0b8-b06f-4415-87a4-cc95fe68b643;25-34 aÃ±os;Graduado o Ciclo Formativo Grado Superior;Mujer;1;Sistema Operativo Android (Por ejemplo. HTC, Samsung, LG, Sony, Motorola);No tengo tablet;Lo enciendo sÃ³lo cuando lo necesito;Si;Si;No;Si;Si;Ninguno;de 81 a 110 metros cuadrados
18f264fc-288d-40bb-8695-66bd62135c8c;65-74 aÃ±os;MÃ¡ster;Mujer;MÃ¡s de 3;Sistema Operativo Android (Por ejemplo. HTC, Samsung, LG, Sony, Motorola);No tengo tablet;De vez en cuando;Si;Si;No;Si;Si;Ninguno;mÃ¡s de 111 metros cuadrados
41f0ec6c-4e0a-4751-93fe-5a1fcf2e641d;35-44 aÃ±os;Graduado o Ciclo Formativo Grado Superior;Mujer;2;Sistema Operativo Android (Por ejemplo. HTC, Samsung, LG, Sony, Motorola);No tengo tablet;Siempre o casi siempre;Si;Si;No;Si;Si;1;de 61 a 80 metros cuadrados
ed62abe0-79d1-4834-aef0-58aee6058616;55-64 aÃ±os;Bachillerato o Ciclo Formativo Grado Medio;Hombre;2;Sistema Operativo Android (Por ejemplo. HTC, Samsung, LG, Sony, Motorola);Sistema Operativo Android;Lo enciendo sÃ³lo cuando lo necesito;Si;Si;No;Si;Si;Ninguno;mÃ¡s de 111 metros cuadrados
8742a68c-2b13-45c5-8ee6-39f95c37d0ea;35-44 aÃ±os;MÃ¡ster;Hombre;2;Sistema Operativo Android (Por ejemplo. HTC, Samsung, LG, Sony, Motorola);Sistema Operativo IOS (Por ejemplo. iPad/iPad mini);Siempre o casi siempre;Si;Si;Si;Si;Si;2;de 81 a 110 metros cuadrados
b3718348-a94f-49ac-861d-3ae5d864ee7b;35-44 aÃ±os;MÃ¡ster;Hombre;2;Sistema Operativo IOS (Por ejemplo. iPhone 4, iPhone 5 o versiones posteriores);Sistema Operativo IOS (Por ejemplo. iPad/iPad mini);Siempre o casi siempre;Si;Si;No;Si;Si;Ninguno;de 81 a 110 metros cuadrados
b0a6cd29-e405-4840-ab45-bd27c9f640e9;menos 18 aÃ±os;EducaciÃ³n Primaria Obligatoria;Hombre;1;Sistema Operativo IOS (Por ejemplo. iPhone 4, iPhone 5 o versiones posteriores);Sistema Operativo Android;Lo enciendo sÃ³lo cuando lo necesito;Si;Si;No;Si;Si;1;de 61 a 80 metros cuadrados
7ebfe8b4-70a7-4730-9c45-73b4c784b04e;55-64 aÃ±os;Doctorado;Hombre;2;Sistema Operativo IOS (Por ejemplo. iPhone 4, iPhone 5 o versiones posteriores);Sistema Operativo IOS (Por ejemplo. iPad/iPad mini);De vez en cuando;Si;Si;No;Si;Si;1;mÃ¡s de 111 metros cuadrados
3610c92d-2998-44ef-a09b-3ec4a953181a;65-74 aÃ±os;Doctorado;Mujer;2;Sistema Operativo Android (Por ejemplo. HTC, Samsung, LG, Sony, Motorola);No tengo tablet;Siempre o casi siempre;Si;Si;No;Si;Si;Ninguno;mÃ¡s de 111 metros cuadrados
5d6b0d99-3fd0-4ff8-8f82-b561d4328650;35-44 aÃ±os;EducaciÃ³n Primaria Obligatoria;Mujer;2;Sistema Operativo Android (Por ejemplo. HTC, Samsung, LG, Sony, Motorola);No tengo tablet;Siempre o casi siempre;Si;Si;No;Si;Si;Ninguno;de 81 a 110 metros cuadrados
08f33d34-4cbf-4f73-bfeb-73ba2924316c;25-34 aÃ±os;MÃ¡ster;Mujer;2;Sistema Operativo Android (Por ejemplo. HTC, Samsung, LG, Sony, Motorola);Sistema Operativo Android;Siempre o casi siempre;Si;Si;No;Si;Si;2;mÃ¡s de 111 metros cuadrados
471ee652-80db-45ee-89ec-cd8431b74123;65-74 aÃ±os;EducaciÃ³n Primaria Obligatoria;Hombre;1;Sistema Operativo Android (Por ejemplo. HTC, Samsung, LG, Sony, Motorola);Sistema Operativo Android;Siempre o casi siempre;Si;Si;No;Si;Si;Ninguno;de 81 a 110 metros cuadrados
1de2cf65-092d-4791-9257-374470bdb3c3;35-44 aÃ±os;Graduado o Ciclo Formativo Grado Superior;Hombre;2;Sistema Operativo Android (Por ejemplo. HTC, Samsung, LG, Sony, Motorola);Sistema Operativo Android;Bastante a menudo;Si;Si;No;Si;Si;1;de 81 a 110 metros cuadrados
1bfb53a5-cfd7-401e-be4a-208479616076;25-34 aÃ±os;EducaciÃ³n Secundaria Obligatoria;Hombre;2;Sistema Operativo IOS (Por ejemplo. iPhone 4, iPhone 5 o versiones posteriores);No tengo tablet;Siempre o casi siempre;Si;Si;No;Si;Si;Ninguno;mÃ¡s de 111 metros cuadrados
07e90264-cfd8-4a44-a4d4-dfe39f676bff;35-44 aÃ±os;Graduado o Ciclo Formativo Grado Superior;Hombre;2;Sistema Operativo Android (Por ejemplo. HTC, Samsung, LG, Sony, Motorola);Sistema Operativo IOS (Por ejemplo. iPad/iPad mini);Siempre o casi siempre;Si;Si;No;Si;Si;1;de 61 a 80 metros cuadrados
0d605d07-65d6-4016-8021-e20cd122507a;35-44 aÃ±os;Doctorado;Hombre;2;Sistema Operativo Android (Por ejemplo. HTC, Samsung, LG, Sony, Motorola);Sistema Operativo Android;Lo enciendo sÃ³lo cuando lo necesito;Si;Si;No;Si;Si;1;de 31 a 60 metros cuadrados
e9f2c8bf-efe5-4114-8d7b-088449bddf11;65-74 aÃ±os;Graduado o Ciclo Formativo Grado Superior;Mujer;1;Sistema Operativo Windows (Por ejemplo. Windows Phone or Windows 10 en Nokia, Samsung, HTC, Huawei);No tengo tablet;Lo enciendo sÃ³lo cuando lo necesito;Si;Si;No;Si;Si;Ninguno;mÃ¡s de 111 metros cuadrados
a853e437-30c3-4595-ba3c-e4c46b335dfc;35-44 aÃ±os;Graduado o Ciclo Formativo Grado Superior;Hombre;2;Sistema Operativo Android (Por ejemplo. HTC, Samsung, LG, Sony, Motorola);Sistema Operativo Android;Nunca o casi nunca;Si;Si;No;Si;Si;3;mÃ¡s de 111 metros cuadrados
03c86a21-533f-4c81-8dd0-8fe613e1de49;65-74 aÃ±os;Bachillerato o Ciclo Formativo Grado Medio;Hombre;1;Sistema Operativo Android (Por ejemplo. HTC, Samsung, LG, Sony, Motorola);No tengo tablet;De vez en cuando;Si;No;No;Si;Si;Ninguno;de 81 a 110 metros cuadrados
edc5b2f3-5afa-466d-bbb2-a6c48f9b8a27;35-44 aÃ±os;Graduado o Ciclo Formativo Grado Superior;Hombre;2;Sistema Operativo Android (Por ejemplo. HTC, Samsung, LG, Sony, Motorola);Sistema Operativo IOS (Por ejemplo. iPad/iPad mini);Siempre o casi siempre;Si;Si;No;Si;Si;2;mÃ¡s de 111 metros cuadrados
ea1f36b3-50c0-4ee7-a46f-ea1b7558e397;45-54 aÃ±os;MÃ¡ster;Mujer;2;Sistema Operativo Android (Por ejemplo. HTC, Samsung, LG, Sony, Motorola);Sistema Operativo Windows;Bastante a menudo;Si;Si;No;Si;Si;Ninguno;de 81 a 110 metros cuadrados
d4589377-6da5-4081-ba90-c0714f8666da;65-74 aÃ±os;Graduado o Ciclo Formativo Grado Superior;Hombre;1;Sistema Operativo Android (Por ejemplo. HTC, Samsung, LG, Sony, Motorola);Sistema Operativo Android;Ocasionalmente;Si;Si;No;Si;Si;Ninguno;de 81 a 110 metros cuadrados
29b21a02-cbae-4863-b829-ae6d90ba12e6;45-54 aÃ±os;Graduado o Ciclo Formativo Grado Superior;Hombre;1;Sistema Operativo Android (Por ejemplo. HTC, Samsung, LG, Sony, Motorola);Sistema Operativo Android;Siempre o casi siempre;Si;Si;No;Si;Si;3;mÃ¡s de 111 metros cuadrados
c7574f07-e5e4-4021-ab19-e814f5ed0e3f;35-44 aÃ±os;EducaciÃ³n Secundaria Obligatoria;Hombre;2;Sistema Operativo Android (Por ejemplo. HTC, Samsung, LG, Sony, Motorola);Sistema Operativo Android;Lo enciendo sÃ³lo cuando lo necesito;Si;Si;No;Si;Si;1;de 61 a 80 metros cuadrados
05be51c3-e74b-4d02-a4bd-942c68c76f0c;65-74 aÃ±os;Bachillerato o Ciclo Formativo Grado Medio;Hombre;2;Sistema Operativo Android (Por ejemplo. HTC, Samsung, LG, Sony, Motorola);Sistema Operativo Android;De vez en cuando;Si;Si;No;Si;Si;Ninguno;de 81 a 110 metros cuadrados
78004e01-246a-45f7-893d-17b0ae48d7c3;45-54 aÃ±os;MÃ¡ster;Hombre;2;Sistema Operativo IOS (Por ejemplo. iPhone 4, iPhone 5 o versiones posteriores);Sistema Operativo IOS (Por ejemplo. iPad/iPad mini);Siempre o casi siempre;Si;Si;No;Si;Si;3;mÃ¡s de 111 metros cuadrados
11f9898d-633e-4da3-aace-6c71f0b6d8a2;45-54 aÃ±os;Bachillerato o Ciclo Formativo Grado Medio;Hombre;1;Sistema Operativo Android (Por ejemplo. HTC, Samsung, LG, Sony, Motorola);Sistema Operativo Android;De vez en cuando;Si;Si;No;Si;Si;2;de 61 a 80 metros cuadrados
633430ab-2a1e-43c7-88d7-dea89f970b34;35-44 aÃ±os;Graduado o Ciclo Formativo Grado Superior;Hombre;2;Sistema Operativo IOS (Por ejemplo. iPhone 4, iPhone 5 o versiones posteriores);Sistema Operativo IOS (Por ejemplo. iPad/iPad mini);De vez en cuando;Si;Si;No;Si;Si;Ninguno;de 81 a 110 metros cuadrados
b6d60b19-45c8-4a19-b416-57acb7b9144a;55-64 aÃ±os;MÃ¡ster;Hombre;2;Sistema Operativo IOS (Por ejemplo. iPhone 4, iPhone 5 o versiones posteriores);Sistema Operativo Android;Bastante a menudo;Si;Si;No;Si;Si;1;de 81 a 110 metros cuadrados
ecc1c94d-ef4b-46c2-978e-b8d532382545;55-64 aÃ±os;Doctorado;Mujer;2;Sistema Operativo Android (Por ejemplo. HTC, Samsung, LG, Sony, Motorola);Sistema Operativo IOS (Por ejemplo. iPad/iPad mini);Siempre o casi siempre;Si;Si;No;Si;Si;Ninguno;de 81 a 110 metros cuadrados
dd3d73ce-eccd-4c44-aff9-ba07f9e5b7e1;35-44 aÃ±os;Graduado o Ciclo Formativo Grado Superior;Mujer;2;Sistema Operativo IOS (Por ejemplo. iPhone 4, iPhone 5 o versiones posteriores);Sistema Operativo IOS (Por ejemplo. iPad/iPad mini);Ocasionalmente;Si;Si;No;Si;Si;2;mÃ¡s de 111 metros cuadrados
9b721922-53f4-452a-8f4c-acc195f1e375;35-44 aÃ±os;MÃ¡ster;Mujer;1;Sistema Operativo Android (Por ejemplo. HTC, Samsung, LG, Sony, Motorola);Sistema Operativo Android;Bastante a menudo;Si;Si;No;Si;Si;Ninguno;de 81 a 110 metros cuadrados
fbace9a8-15f2-495c-8dbf-bd6fbd9fec25;35-44 aÃ±os;Graduado o Ciclo Formativo Grado Superior;Hombre;2;Sistema Operativo IOS (Por ejemplo. iPhone 4, iPhone 5 o versiones posteriores);Sistema Operativo Android;Siempre o casi siempre;Si;Si;No;Si;Si;Ninguno;de 81 a 110 metros cuadrados
f2455371-6b37-4bbf-ae54-4291901eaa77;55-64 aÃ±os;Graduado o Ciclo Formativo Grado Superior;Hombre;2;Sistema Operativo Android (Por ejemplo. HTC, Samsung, LG, Sony, Motorola);Sistema Operativo Android;Bastante a menudo;Si;Si;No;Si;Si;Ninguno;de 81 a 110 metros cuadrados
feccd95f-aed9-4bde-b584-678a60a48ea0;35-44 aÃ±os;Graduado o Ciclo Formativo Grado Superior;Mujer;2;Sistema Operativo Android (Por ejemplo. HTC, Samsung, LG, Sony, Motorola);Sistema Operativo Android;Siempre o casi siempre;Si;Si;No;Si;Si;3;de 81 a 110 metros cuadrados
753e7236-137f-4bce-8e85-05f004f35697;25-34 aÃ±os;MÃ¡ster;Hombre;2;Sistema Operativo Android (Por ejemplo. HTC, Samsung, LG, Sony, Motorola);Sistema Operativo Android;Ocasionalmente;Si;Si;No;Si;Si;2;mÃ¡s de 111 metros cuadrados
326e83b5-50c6-44b3-8c39-e48b31595846;35-44 aÃ±os;MÃ¡ster;Mujer;2;Sistema Operativo Android (Por ejemplo. HTC, Samsung, LG, Sony, Motorola);Sistema Operativo Android;Bastante a menudo;Si;Si;No;Si;Si;3;mÃ¡s de 111 metros cuadrados
0e36ee66-a9b4-4597-95bc-ad081bd2322d;45-54 aÃ±os;Graduado o Ciclo Formativo Grado Superior;Mujer;2;Sistema Operativo Android (Por ejemplo. HTC, Samsung, LG, Sony, Motorola);Sistema Operativo Windows;Ocasionalmente;Si;Si;No;Si;Si;2;de 81 a 110 metros cuadrados
dd05b87a-061e-4645-8a53-0e3d22ef8e2b;45-54 aÃ±os;MÃ¡ster;Hombre;2;Sistema Operativo Android (Por ejemplo. HTC, Samsung, LG, Sony, Motorola);Sistema Operativo Android;De vez en cuando;Si;Si;No;Si;Si;3;de 81 a 110 metros cuadrados
339e6da9-e5cd-490e-9cfb-3935d343999e;45-54 aÃ±os;Bachillerato o Ciclo Formativo Grado Medio;Hombre;1;Sistema Operativo Android (Por ejemplo. HTC, Samsung, LG, Sony, Motorola);Sistema Operativo Android;Ocasionalmente;Si;Si;No;Si;Si;1;de 81 a 110 metros cuadrados
46af59ff-1b31-4765-8b63-792d02177149;55-64 aÃ±os;Bachillerato o Ciclo Formativo Grado Medio;Hombre;1;Sistema Operativo Android (Por ejemplo. HTC, Samsung, LG, Sony, Motorola);Sistema Operativo Android;Bastante a menudo;Si;Si;No;Si;Si;Ninguno;de 81 a 110 metros cuadrados
dd2f4b72-04d6-4f8c-a429-5928273933fb;35-44 aÃ±os;Doctorado;Hombre;2;Sistema Operativo Android (Por ejemplo. HTC, Samsung, LG, Sony, Motorola);Sistema Operativo IOS (Por ejemplo. iPad/iPad mini);Siempre o casi siempre;Si;Si;No;Si;Si;Ninguno;de 81 a 110 metros cuadrados
3d7efe40-0463-4c13-bb5a-4eaf98527782;45-54 aÃ±os;Doctorado;Hombre;2;Sistema Operativo Android (Por ejemplo. HTC, Samsung, LG, Sony, Motorola);No tengo tablet;Nunca o casi nunca;Si;Si;Si;Si;Si;2;de 81 a 110 metros cuadrados
20a5db63-5b9e-4b15-a0dd-b68ef48aa3e0;45-54 aÃ±os;Graduado o Ciclo Formativo Grado Superior;Hombre;3;Sistema Operativo Android (Por ejemplo. HTC, Samsung, LG, Sony, Motorola);Sistema Operativo Android;Siempre o casi siempre;Si;Si;No;Si;Si;1;mÃ¡s de 111 metros cuadrados
0d5638bf-49f1-4a49-bb8e-4320c30cd72d;35-44 aÃ±os;Graduado o Ciclo Formativo Grado Superior;Hombre;2;Sistema Operativo IOS (Por ejemplo. iPhone 4, iPhone 5 o versiones posteriores);Sistema Operativo IOS (Por ejemplo. iPad/iPad mini);Siempre o casi siempre;Si;Si;No;Si;Si;Ninguno;de 81 a 110 metros cuadrados
ed65884d-9278-48b0-bb61-141f10640d13;25-34 aÃ±os;Graduado o Ciclo Formativo Grado Superior;Hombre;1;Sistema Operativo Android (Por ejemplo. HTC, Samsung, LG, Sony, Motorola);Sistema Operativo Android;Siempre o casi siempre;Si;Si;No;Si;Si;Ninguno;de 61 a 80 metros cuadrados
14388098-cfad-48be-8236-c0ea7184902b;45-54 aÃ±os;Graduado o Ciclo Formativo Grado Superior;Hombre;2;Sistema Operativo IOS (Por ejemplo. iPhone 4, iPhone 5 o versiones posteriores);Sistema Operativo IOS (Por ejemplo. iPad/iPad mini);Bastante a menudo;Si;Si;No;Si;Si;Ninguno;mÃ¡s de 111 metros cuadrados
a734e224-4877-491a-a2fb-7ba610f087d8;45-54 aÃ±os;Graduado o Ciclo Formativo Grado Superior;Mujer;2;Sistema Operativo IOS (Por ejemplo. iPhone 4, iPhone 5 o versiones posteriores);Sistema Operativo IOS (Por ejemplo. iPad/iPad mini);Siempre o casi siempre;Si;Si;No;Si;Si;Ninguno;mÃ¡s de 111 metros cuadrados
a6e8fb76-eef1-4140-87f6-909d9019575c;35-44 aÃ±os;Doctorado;Hombre;1;Sistema Operativo Android (Por ejemplo. HTC, Samsung, LG, Sony, Motorola);Sistema Operativo Android;Ocasionalmente;Si;Si;No;Si;Si;2;de 81 a 110 metros cuadrados
f4d5be78-c0db-4f0e-8a29-676d190708ca;35-44 aÃ±os;MÃ¡ster;Hombre;2;Sistema Operativo Android (Por ejemplo. HTC, Samsung, LG, Sony, Motorola);Sistema Operativo IOS (Por ejemplo. iPad/iPad mini);Siempre o casi siempre;Si;Si;No;Si;Si;Ninguno;de 61 a 80 metros cuadrados
d0b62268-6a41-4bb1-b3b5-cdd5e7e86e62;25-34 aÃ±os;MÃ¡ster;Mujer;2;No tengo smartphone;Sistema Operativo Android;Ocasionalmente;Si;Si;No;Si;Si;Ninguno;de 81 a 110 metros cuadrados
f38fb379-6d87-45d8-9f99-c5939d892be0;45-54 aÃ±os;Graduado o Ciclo Formativo Grado Superior;Hombre;2;Sistema Operativo IOS (Por ejemplo. iPhone 4, iPhone 5 o versiones posteriores);Sistema Operativo IOS (Por ejemplo. iPad/iPad mini);Siempre o casi siempre;Si;Si;No;Si;Si;2;mÃ¡s de 111 metros cuadrados
efdb13a1-5276-418b-a244-e2565a684e10;55-64 aÃ±os;EducaciÃ³n Secundaria Obligatoria;Hombre;2;Sistema Operativo Windows (Por ejemplo. Windows Phone or Windows 10 en Nokia, Samsung, HTC, Huawei);Sistema Operativo Android;Nunca o casi nunca;Si;Si;No;Si;Si;Ninguno;mÃ¡s de 111 metros cuadrados
df789230-d273-4fd0-aa24-6f5419469295;55-64 aÃ±os;Graduado o Ciclo Formativo Grado Superior;Hombre;2;Sistema Operativo Android (Por ejemplo. HTC, Samsung, LG, Sony, Motorola);Sistema Operativo Android;Siempre o casi siempre;Si;Si;No;Si;Si;Ninguno;mÃ¡s de 111 metros cuadrados
d6a9672e-bd7a-4f63-ac94-49762663bebf;45-54 aÃ±os;Bachillerato o Ciclo Formativo Grado Medio;Hombre;MÃ¡s de 3;Sistema Operativo Android (Por ejemplo. HTC, Samsung, LG, Sony, Motorola);Sistema Operativo IOS (Por ejemplo. iPad/iPad mini);Bastante a menudo;Si;Si;No;Si;Si;2;mÃ¡s de 111 metros cuadrados
3aad57a3-eead-460c-a8a9-a9205f1c7845;35-44 aÃ±os;Bachillerato o Ciclo Formativo Grado Medio;Hombre;2;Sistema Operativo Android (Por ejemplo. HTC, Samsung, LG, Sony, Motorola);Sistema Operativo IOS (Por ejemplo. iPad/iPad mini);Siempre o casi siempre;Si;Si;No;Si;Si;2;de 81 a 110 metros cuadrados
50f544cd-9ace-4639-972e-26674fc71158;55-64 aÃ±os;Bachillerato o Ciclo Formativo Grado Medio;Hombre;2;Sistema Operativo Android (Por ejemplo. HTC, Samsung, LG, Sony, Motorola);Sistema Operativo IOS (Por ejemplo. iPad/iPad mini);Lo enciendo sÃ³lo cuando lo necesito;Si;Si;No;Si;Si;Ninguno;de 81 a 110 metros cuadrados
f5d24055-00e9-4809-8a84-f1153e07cd4f;45-54 aÃ±os;Sin estudios;Hombre;1;Sistema Operativo IOS (Por ejemplo. iPhone 4, iPhone 5 o versiones posteriores);Sistema Operativo IOS (Por ejemplo. iPad/iPad mini);Lo enciendo sÃ³lo cuando lo necesito;Si;Si;No;Si;Si;Ninguno;de 61 a 80 metros cuadrados
f52f0ae6-a020-43c7-b600-495fbedac58e;45-54 aÃ±os;Graduado o Ciclo Formativo Grado Superior;Hombre;2;Sistema Operativo IOS (Por ejemplo. iPhone 4, iPhone 5 o versiones posteriores);Sistema Operativo IOS (Por ejemplo. iPad/iPad mini);Siempre o casi siempre;Si;Si;No;Si;Si;2;mÃ¡s de 111 metros cuadrados
be4c16fa-197d-4006-a240-23275ea308fd;45-54 aÃ±os;Graduado o Ciclo Formativo Grado Superior;Hombre;2;Sistema Operativo IOS (Por ejemplo. iPhone 4, iPhone 5 o versiones posteriores);Sistema Operativo IOS (Por ejemplo. iPad/iPad mini);Siempre o casi siempre;Si;Si;No;Si;Si;2;de 61 a 80 metros cuadrados
ce279f84-c083-4a18-829b-ff45e89a5e36;35-44 aÃ±os;Bachillerato o Ciclo Formativo Grado Medio;Hombre;2;Sistema Operativo Android (Por ejemplo. HTC, Samsung, LG, Sony, Motorola);Sistema Operativo Android;Siempre o casi siempre;Si;Si;No;Si;Si;3;mÃ¡s de 111 metros cuadrados
48bf825d-4475-49f7-948b-5992c28ce97f;25-34 aÃ±os;Bachillerato o Ciclo Formativo Grado Medio;Hombre;1;Sistema Operativo IOS (Por ejemplo. iPhone 4, iPhone 5 o versiones posteriores);No tengo tablet;Siempre o casi siempre;Si;Si;No;Si;Si;Ninguno;de 61 a 80 metros cuadrados
43209193-fdca-48aa-9525-53418e9152b2;35-44 aÃ±os;Graduado o Ciclo Formativo Grado Superior;Hombre;1;Sistema Operativo IOS (Por ejemplo. iPhone 4, iPhone 5 o versiones posteriores);Sistema Operativo IOS (Por ejemplo. iPad/iPad mini);Siempre o casi siempre;Si;Si;No;Si;Si;1;mÃ¡s de 111 metros cuadrados
047cbc25-f6a2-4664-8353-b4b813bea29d;55-64 aÃ±os;MÃ¡ster;Hombre;2;Sistema Operativo Android (Por ejemplo. HTC, Samsung, LG, Sony, Motorola);Sistema Operativo Android;Bastante a menudo;Si;Si;No;Si;Si;3;de 61 a 80 metros cuadrados
c1c1001e-d644-4bf8-81cb-aa56efaa3347;55-64 aÃ±os;Graduado o Ciclo Formativo Grado Superior;Hombre;2;Sistema Operativo Android (Por ejemplo. HTC, Samsung, LG, Sony, Motorola);No tengo tablet;Lo enciendo sÃ³lo cuando lo necesito;Si;Si;No;Si;Si;Ninguno;de 81 a 110 metros cuadrados
988ee8ae-9e0f-490e-85dc-e7fc17d1c00d;45-54 aÃ±os;Bachillerato o Ciclo Formativo Grado Medio;Hombre;2;Sistema Operativo IOS (Por ejemplo. iPhone 4, iPhone 5 o versiones posteriores);Sistema Operativo Android;Siempre o casi siempre;Si;Si;No;Si;Si;1;de 81 a 110 metros cuadrados
c4afdf12-967d-42a3-b854-5e8ebf04f51e;25-34 aÃ±os;Graduado o Ciclo Formativo Grado Superior;Hombre;1;Sistema Operativo Android (Por ejemplo. HTC, Samsung, LG, Sony, Motorola);Sistema Operativo IOS (Por ejemplo. iPad/iPad mini);Bastante a menudo;Si;Si;No;Si;Si;Ninguno;mÃ¡s de 111 metros cuadrados
7b183b97-53ab-4d6d-b1d2-cc1e40cef758;35-44 aÃ±os;Graduado o Ciclo Formativo Grado Superior;Hombre;2;Sistema Operativo Android (Por ejemplo. HTC, Samsung, LG, Sony, Motorola);Sistema Operativo Android;De vez en cuando;Si;Si;No;Si;Si;2;de 81 a 110 metros cuadrados
d986766e-b6bb-4106-8143-e8c64d763817;25-34 aÃ±os;MÃ¡ster;Hombre;2;Sistema Operativo Android (Por ejemplo. HTC, Samsung, LG, Sony, Motorola);No tengo tablet;Ocasionalmente;Si;Si;No;No;No;Ninguno;mÃ¡s de 111 metros cuadrados
1e21e122-956f-4104-9d5b-fa51e8f91981;25-34 aÃ±os;Bachillerato o Ciclo Formativo Grado Medio;Hombre;2;Sistema Operativo Android (Por ejemplo. HTC, Samsung, LG, Sony, Motorola);No tengo tablet;De vez en cuando;Si;Si;No;Si;Si;Ninguno;de 81 a 110 metros cuadrados
8431ca03-92db-4639-aeb3-7cfbb0bc3650;55-64 aÃ±os;Graduado o Ciclo Formativo Grado Superior;Hombre;2;Sistema Operativo Android (Por ejemplo. HTC, Samsung, LG, Sony, Motorola);Sistema Operativo Android;Bastante a menudo;Si;Si;No;Si;Si;Ninguno;mÃ¡s de 111 metros cuadrados
321eaccb-e88c-44b4-a6f6-ffa01caa5fc5;45-54 aÃ±os;Doctorado;Hombre;2;Sistema Operativo IOS (Por ejemplo. iPhone 4, iPhone 5 o versiones posteriores);Sistema Operativo IOS (Por ejemplo. iPad/iPad mini);Siempre o casi siempre;Si;Si;No;Si;Si;Ninguno;mÃ¡s de 111 metros cuadrados
1e3dc2f3-d0a5-4c50-a768-13a916924edb;35-44 aÃ±os;Graduado o Ciclo Formativo Grado Superior;Hombre;2;Sistema Operativo Android (Por ejemplo. HTC, Samsung, LG, Sony, Motorola);Sistema Operativo IOS (Por ejemplo. iPad/iPad mini);Siempre o casi siempre;Si;Si;No;Si;Si;2;mÃ¡s de 111 metros cuadrados
65c3f7f7-8791-48bd-b884-18081f02d525;65-74 aÃ±os;MÃ¡ster;Hombre;1;Sistema Operativo IOS (Por ejemplo. iPhone 4, iPhone 5 o versiones posteriores);No tengo tablet;Siempre o casi siempre;Si;Si;No;Si;Si;Ninguno;de 61 a 80 metros cuadrados
611e8458-e99d-4320-9835-dd10afbd40ce;25-34 aÃ±os;Graduado o Ciclo Formativo Grado Superior;Hombre;2;Sistema Operativo Android (Por ejemplo. HTC, Samsung, LG, Sony, Motorola);Sistema Operativo Android;Siempre o casi siempre;Si;Si;No;Si;Si;Ninguno;de 61 a 80 metros cuadrados
af08f2eb-de9d-4afa-a578-79f3ef66eb72;45-54 aÃ±os;MÃ¡ster;Hombre;3;Sistema Operativo Android (Por ejemplo. HTC, Samsung, LG, Sony, Motorola);Sistema Operativo Android;De vez en cuando;Si;Si;No;Si;Si;4;mÃ¡s de 111 metros cuadrados
e0948082-ba13-45bf-9281-cac7bceab74a;45-54 aÃ±os;MÃ¡ster;Hombre;2;Sistema Operativo IOS (Por ejemplo. iPhone 4, iPhone 5 o versiones posteriores);Sistema Operativo IOS (Por ejemplo. iPad/iPad mini);Siempre o casi siempre;Si;Si;No;Si;Si;2;mÃ¡s de 111 metros cuadrados
4296fd72-9b65-44b3-ad6a-07865729e181;45-54 aÃ±os;Bachillerato o Ciclo Formativo Grado Medio;Hombre;1;Sistema Operativo Android (Por ejemplo. HTC, Samsung, LG, Sony, Motorola);Sistema Operativo Android;De vez en cuando;Si;Si;No;Si;Si;Ninguno;de 81 a 110 metros cuadrados
9323047a-a269-4825-aa58-5c318a55c9d4;35-44 aÃ±os;Bachillerato o Ciclo Formativo Grado Medio;Hombre;1;Sistema Operativo Android (Por ejemplo. HTC, Samsung, LG, Sony, Motorola);No tengo tablet;Bastante a menudo;Si;Si;No;Si;Si;Ninguno;de 61 a 80 metros cuadrados
d52829e8-1543-4a81-9e2f-af9e4ed395b9;55-64 aÃ±os;MÃ¡ster;Mujer;2;Sistema Operativo Android (Por ejemplo. HTC, Samsung, LG, Sony, Motorola);Sistema Operativo Windows;Bastante a menudo;Si;Si;No;Si;Si;Ninguno;mÃ¡s de 111 metros cuadrados
668cc7de-c1e8-45db-9adc-cd6147b1e1b8;55-64 aÃ±os;MÃ¡ster;Hombre;2;Sistema Operativo IOS (Por ejemplo. iPhone 4, iPhone 5 o versiones posteriores);Sistema Operativo IOS (Por ejemplo. iPad/iPad mini);De vez en cuando;Si;Si;No;Si;Si;Ninguno;mÃ¡s de 111 metros cuadrados
adebf726-a629-4311-824c-77322ccf525c;55-64 aÃ±os;Graduado o Ciclo Formativo Grado Superior;Hombre;2;Sistema Operativo Android (Por ejemplo. HTC, Samsung, LG, Sony, Motorola);Sistema Operativo Android;Bastante a menudo;Si;Si;No;Si;Si;Ninguno;de 81 a 110 metros cuadrados
16d1ac8d-c36b-453a-a821-d527240bb8cf;25-34 aÃ±os;Graduado o Ciclo Formativo Grado Superior;Mujer;2;Sistema Operativo Android (Por ejemplo. HTC, Samsung, LG, Sony, Motorola);Sistema Operativo Android;Siempre o casi siempre;Si;Si;No;Si;Si;Ninguno;de 81 a 110 metros cuadrados
b2b49a23-351d-4622-8d66-9eafa4cac176;45-54 aÃ±os;MÃ¡ster;Hombre;2;Sistema Operativo Android (Por ejemplo. HTC, Samsung, LG, Sony, Motorola);No tengo tablet;Nunca o casi nunca;Si;Si;No;Si;Si;Ninguno;de 81 a 110 metros cuadrados
1f7b2064-2d1a-423b-8023-4db985701ff5;55-64 aÃ±os;Graduado o Ciclo Formativo Grado Superior;Hombre;2;Sistema Operativo Android (Por ejemplo. HTC, Samsung, LG, Sony, Motorola);Sistema Operativo Android;De vez en cuando;Si;Si;No;Si;Si;Ninguno;mÃ¡s de 111 metros cuadrados
dbfdf82d-2eb8-45db-b342-f9a1e2a3515e;35-44 aÃ±os;MÃ¡ster;Mujer;2;Sistema Operativo IOS (Por ejemplo. iPhone 4, iPhone 5 o versiones posteriores);Sistema Operativo Android;Bastante a menudo;Si;Si;No;Si;Si;2;de 81 a 110 metros cuadrados
14a50775-4365-495a-b145-148559b57da6;35-44 aÃ±os;Graduado o Ciclo Formativo Grado Superior;Hombre;2;Sistema Operativo IOS (Por ejemplo. iPhone 4, iPhone 5 o versiones posteriores);Sistema Operativo IOS (Por ejemplo. iPad/iPad mini);Siempre o casi siempre;Si;Si;No;Si;Si;2;de 81 a 110 metros cuadrados
f78a20f9-9d8a-4ebf-bf28-5a1b25520618;55-64 aÃ±os;Bachillerato o Ciclo Formativo Grado Medio;Mujer;2;Sistema Operativo Android (Por ejemplo. HTC, Samsung, LG, Sony, Motorola);Sistema Operativo Android;Ocasionalmente;Si;Si;No;Si;Si;Ninguno;mÃ¡s de 111 metros cuadrados
34a9e7a4-1c64-43f2-9604-f6930fe3c009;45-54 aÃ±os;Graduado o Ciclo Formativo Grado Superior;Mujer;1;Sistema Operativo Android (Por ejemplo. HTC, Samsung, LG, Sony, Motorola);No tengo tablet;De vez en cuando;Si;Si;No;Si;Si;Ninguno;de 81 a 110 metros cuadrados
0c848b2a-d7a2-44a1-9242-5909151f51fa;45-54 aÃ±os;Bachillerato o Ciclo Formativo Grado Medio;Hombre;2;Sistema Operativo Windows (Por ejemplo. Windows Phone or Windows 10 en Nokia, Samsung, HTC, Huawei);No tengo tablet;Mi smartphone o tablet no tienen Bluetooth;Si;Si;No;Si;Si;1;de 81 a 110 metros cuadrados
c20fac99-0823-4719-a022-ddea415e905e;45-54 aÃ±os;Graduado o Ciclo Formativo Grado Superior;Hombre;2;Sistema Operativo Android (Por ejemplo. HTC, Samsung, LG, Sony, Motorola);Sistema Operativo Android;De vez en cuando;Si;Si;No;Si;Si;2;mÃ¡s de 111 metros cuadrados
3dfa28c7-1e5f-45aa-b451-972e6bbcbf48;45-54 aÃ±os;MÃ¡ster;Mujer;2;Sistema Operativo Android (Por ejemplo. HTC, Samsung, LG, Sony, Motorola);Sistema Operativo Android;De vez en cuando;Si;Si;No;Si;Si;2;mÃ¡s de 111 metros cuadrados
43d64df4-3c2a-4ec7-b37a-9a079beb3127;65-74 aÃ±os;Graduado o Ciclo Formativo Grado Superior;Mujer;2;Sistema Operativo Android (Por ejemplo. HTC, Samsung, LG, Sony, Motorola);Sistema Operativo Android;Siempre o casi siempre;Si;Si;No;Si;Si;Ninguno;de 81 a 110 metros cuadrados
3af62976-d41c-445d-9917-fa3dd797173a;55-64 aÃ±os;Graduado o Ciclo Formativo Grado Superior;Mujer;2;No sÃ© que sistema operativo tiene mi smartphone;Sistema Operativo Android;Siempre o casi siempre;Si;Si;No;Si;Si;Ninguno;mÃ¡s de 111 metros cuadrados
f9f5eca5-cb9a-447b-9499-ff9932d27888;55-64 aÃ±os;Bachillerato o Ciclo Formativo Grado Medio;Hombre;2;Sistema Operativo Android (Por ejemplo. HTC, Samsung, LG, Sony, Motorola);Sistema Operativo Android;Siempre o casi siempre;Si;Si;No;Si;Si;Ninguno;mÃ¡s de 111 metros cuadrados
2fa96702-1d84-46dc-b281-71d6f18428e6;35-44 aÃ±os;MÃ¡ster;Hombre;2;Sistema Operativo Android (Por ejemplo. HTC, Samsung, LG, Sony, Motorola);Sistema Operativo Android;Ocasionalmente;Si;Si;No;Si;Si;2;de 81 a 110 metros cuadrados
94da1531-b410-4d1b-9f5e-092b0d226e3b;35-44 aÃ±os;Bachillerato o Ciclo Formativo Grado Medio;Hombre;2;Sistema Operativo Android (Por ejemplo. HTC, Samsung, LG, Sony, Motorola);Sistema Operativo Android;De vez en cuando;Si;Si;No;Si;Si;2;mÃ¡s de 111 metros cuadrados
192095ea-83b0-43dc-a0d7-267805f9be63;45-54 aÃ±os;Doctorado;Mujer;3;Sistema Operativo IOS (Por ejemplo. iPhone 4, iPhone 5 o versiones posteriores);Sistema Operativo IOS (Por ejemplo. iPad/iPad mini);Siempre o casi siempre;Si;Si;No;Si;Si;Ninguno;de 81 a 110 metros cuadrados
eed862d0-e59a-42c1-bf67-bcf519679f19;35-44 aÃ±os;Graduado o Ciclo Formativo Grado Superior;Mujer;2;Sistema Operativo Android (Por ejemplo. HTC, Samsung, LG, Sony, Motorola);Sistema Operativo Android;De vez en cuando;Si;Si;No;Si;Si;3;mÃ¡s de 111 metros cuadrados
b14512c0-d42f-4acf-b393-86903669f81b;45-54 aÃ±os;Graduado o Ciclo Formativo Grado Superior;Mujer;2;Sistema Operativo IOS (Por ejemplo. iPhone 4, iPhone 5 o versiones posteriores);Sistema Operativo IOS (Por ejemplo. iPad/iPad mini);Bastante a menudo;Si;Si;No;Si;Si;2;de 81 a 110 metros cuadrados
80844e0f-e078-496c-a063-ef32939625bf;35-44 aÃ±os;Graduado o Ciclo Formativo Grado Superior;Mujer;2;Sistema Operativo Android (Por ejemplo. HTC, Samsung, LG, Sony, Motorola);Sistema Operativo Android;Bastante a menudo;Si;Si;No;Si;Si;2;de 81 a 110 metros cuadrados
0860fc3b-1fdd-4a3b-a67f-e91b802326be;45-54 aÃ±os;MÃ¡ster;Mujer;2;Sistema Operativo IOS (Por ejemplo. iPhone 4, iPhone 5 o versiones posteriores);Sistema Operativo IOS (Por ejemplo. iPad/iPad mini);Bastante a menudo;Si;Si;No;Si;Si;1;mÃ¡s de 111 metros cuadrados
cd27840f-ff51-4b15-aef4-4730f9ba284c;35-44 aÃ±os;MÃ¡ster;Hombre;1;Sistema Operativo Windows (Por ejemplo. Windows Phone or Windows 10 en Nokia, Samsung, HTC, Huawei);Sistema Operativo Android;Siempre o casi siempre;Si;Si;No;Si;Si;2;de 81 a 110 metros cuadrados
3bff485c-2e8b-4501-b931-8a67f61ffbf7;35-44 aÃ±os;Graduado o Ciclo Formativo Grado Superior;Hombre;2;Sistema Operativo Android (Por ejemplo. HTC, Samsung, LG, Sony, Motorola);Sistema Operativo Android;Siempre o casi siempre;Si;Si;No;Si;Si;3;de 81 a 110 metros cuadrados
cab0ae13-f256-49bb-b23e-77bba26b6ab6;45-54 aÃ±os;MÃ¡ster;Mujer;2;Sistema Operativo IOS (Por ejemplo. iPhone 4, iPhone 5 o versiones posteriores);No tengo tablet;Lo enciendo sÃ³lo cuando lo necesito;Si;Si;No;Si;Si;Ninguno;de 81 a 110 metros cuadrados
f82a4391-096f-4a1c-91c2-e71fe4c83529;35-44 aÃ±os;Graduado o Ciclo Formativo Grado Superior;Mujer;2;Sistema Operativo Android (Por ejemplo. HTC, Samsung, LG, Sony, Motorola);Sistema Operativo Android;Ocasionalmente;Si;Si;No;Si;Si;2;de 81 a 110 metros cuadrados
828629f2-1046-481c-8ea2-ae98dc40b53a;45-54 aÃ±os;Bachillerato o Ciclo Formativo Grado Medio;Mujer;2;Sistema Operativo Android (Por ejemplo. HTC, Samsung, LG, Sony, Motorola);Sistema Operativo Android;Lo enciendo sÃ³lo cuando lo necesito;Si;Si;No;Si;Si;3;de 81 a 110 metros cuadrados
4946c583-b5fb-4671-8cc9-39da8b3483fe;45-54 aÃ±os;Graduado o Ciclo Formativo Grado Superior;Mujer;1;Sistema Operativo Android (Por ejemplo. HTC, Samsung, LG, Sony, Motorola);Sistema Operativo Android;Siempre o casi siempre;Si;Si;No;Si;Si;1;de 81 a 110 metros cuadrados
128e594a-5dd9-496c-ac6d-14bb4a3a5c0c;35-44 aÃ±os;Graduado o Ciclo Formativo Grado Superior;Hombre;3;Sistema Operativo Windows (Por ejemplo. Windows Phone or Windows 10 en Nokia, Samsung, HTC, Huawei);Sistema Operativo Android;Siempre o casi siempre;Si;Si;No;Si;Si;1;mÃ¡s de 111 metros cuadrados
7380becc-266c-44b2-a632-6888d090f2ee;65-74 aÃ±os;Graduado o Ciclo Formativo Grado Superior;Mujer;1;Sistema Operativo Android (Por ejemplo. HTC, Samsung, LG, Sony, Motorola);No tengo tablet;Lo enciendo sÃ³lo cuando lo necesito;Si;Si;No;Si;Si;Ninguno;de 61 a 80 metros cuadrados
a3eee6b3-b6d4-44a7-89dc-8215947cffc4;45-54 aÃ±os;MÃ¡ster;Hombre;2;Sistema Operativo Android (Por ejemplo. HTC, Samsung, LG, Sony, Motorola);Sistema Operativo IOS (Por ejemplo. iPad/iPad mini);Bastante a menudo;Si;Si;No;Si;Si;1;de 81 a 110 metros cuadrados
97a88ec0-c58b-468f-a2f2-9cb5b7c5044d;35-44 aÃ±os;Doctorado;Mujer;2;Sistema Operativo Android (Por ejemplo. HTC, Samsung, LG, Sony, Motorola);Sistema Operativo Windows;Bastante a menudo;Si;Si;No;Si;Si;1;de 81 a 110 metros cuadrados
69d0b510-5061-43a0-a837-a0e92b109305;45-54 aÃ±os;Bachillerato o Ciclo Formativo Grado Medio;Mujer;2;Sistema Operativo Android (Por ejemplo. HTC, Samsung, LG, Sony, Motorola);Sistema Operativo IOS (Por ejemplo. iPad/iPad mini);Bastante a menudo;Si;Si;No;Si;Si;Ninguno;de 81 a 110 metros cuadrados
5b9161a3-24b8-41f5-ac7d-6159fcb94bde;25-34 aÃ±os;EducaciÃ³n Secundaria Obligatoria;Mujer;2;Sistema Operativo Android (Por ejemplo. HTC, Samsung, LG, Sony, Motorola);Sistema Operativo Android;Lo enciendo sÃ³lo cuando lo necesito;Si;Si;No;Si;Si;1;de 81 a 110 metros cuadrados
5c1cf49d-6dbb-488f-a77a-f6d41a2916e7;65-74 aÃ±os;MÃ¡ster;Hombre;2;Sistema Operativo Android (Por ejemplo. HTC, Samsung, LG, Sony, Motorola);Sistema Operativo Android;Ocasionalmente;Si;Si;Si;Si;Si;Ninguno;mÃ¡s de 111 metros cuadrados
528f1635-882f-4ab3-9406-d12f7fcd13c9;35-44 aÃ±os;MÃ¡ster;Mujer;2;Sistema Operativo Android (Por ejemplo. HTC, Samsung, LG, Sony, Motorola);Sistema Operativo IOS (Por ejemplo. iPad/iPad mini);Ocasionalmente;Si;Si;No;Si;Si;2;de 81 a 110 metros cuadrados
f57b1834-90ab-4a80-875f-ae11c5a7c8ee;55-64 aÃ±os;Bachillerato o Ciclo Formativo Grado Medio;Hombre;1;Sistema Operativo Android (Por ejemplo. HTC, Samsung, LG, Sony, Motorola);No tengo tablet;De vez en cuando;Si;Si;No;Si;Si;Ninguno;de 81 a 110 metros cuadrados
00248e83-e426-42f8-abba-6fdb9ecdd7db;45-54 aÃ±os;Graduado o Ciclo Formativo Grado Superior;Hombre;1;Sistema Operativo Android (Por ejemplo. HTC, Samsung, LG, Sony, Motorola);No tengo tablet;Siempre o casi siempre;No;Si;No;Si;Si;Ninguno;mÃ¡s de 111 metros cuadrados
a7ba0d16-d4af-42f9-9651-a9fe3c0774a5;55-64 aÃ±os;Bachillerato o Ciclo Formativo Grado Medio;Hombre;3;Sistema Operativo IOS (Por ejemplo. iPhone 4, iPhone 5 o versiones posteriores);Sistema Operativo IOS (Por ejemplo. iPad/iPad mini);Siempre o casi siempre;Si;Si;No;Si;Si;3;mÃ¡s de 111 metros cuadrados
9b531be8-9edb-4d66-acae-016d62a4f59d;55-64 aÃ±os;Bachillerato o Ciclo Formativo Grado Medio;Hombre;1;Sistema Operativo IOS (Por ejemplo. iPhone 4, iPhone 5 o versiones posteriores);Sistema Operativo IOS (Por ejemplo. iPad/iPad mini);Siempre o casi siempre;Si;Si;No;Si;Si;Ninguno;de 81 a 110 metros cuadrados
965950f5-ad77-46b8-af34-562a002b32e3;55-64 aÃ±os;Graduado o Ciclo Formativo Grado Superior;Hombre;2;Sistema Operativo Android (Por ejemplo. HTC, Samsung, LG, Sony, Motorola);Sistema Operativo Android;Siempre o casi siempre;Si;Si;No;Si;Si;Ninguno;de 81 a 110 metros cuadrados
285a5ef9-f628-4bc9-802e-f646ed065b06;45-54 aÃ±os;Bachillerato o Ciclo Formativo Grado Medio;Hombre;2;Sistema Operativo IOS (Por ejemplo. iPhone 4, iPhone 5 o versiones posteriores);Sistema Operativo IOS (Por ejemplo. iPad/iPad mini);Siempre o casi siempre;Si;Si;No;Si;Si;1;de 61 a 80 metros cuadrados
ba03c0dd-c49f-4f39-86f9-d8bbc56de52f;45-54 aÃ±os;Graduado o Ciclo Formativo Grado Superior;Hombre;2;Sistema Operativo Android (Por ejemplo. HTC, Samsung, LG, Sony, Motorola);Sistema Operativo Android;Bastante a menudo;Si;Si;Si;Si;Si;3;de 81 a 110 metros cuadrados
7278bf01-f621-4d0c-bd22-676e9761ef94;55-64 aÃ±os;EducaciÃ³n Primaria Obligatoria;Mujer;2;Sistema Operativo Android (Por ejemplo. HTC, Samsung, LG, Sony, Motorola);Sistema Operativo Android;De vez en cuando;Si;Si;No;Si;Si;Ninguno;de 81 a 110 metros cuadrados
24e1c14c-7959-4c9e-abb5-fbaf3a5f9e64;55-64 aÃ±os;MÃ¡ster;Mujer;2;Sistema Operativo Android (Por ejemplo. HTC, Samsung, LG, Sony, Motorola);No tengo tablet;Ocasionalmente;Si;Si;No;Si;Si;Ninguno;de 81 a 110 metros cuadrados
26fc2ef1-5ac3-4207-81f3-e82a72330df1;65-74 aÃ±os;Bachillerato o Ciclo Formativo Grado Medio;Hombre;2;Sistema Operativo Android (Por ejemplo. HTC, Samsung, LG, Sony, Motorola);Sistema Operativo IOS (Por ejemplo. iPad/iPad mini);Nunca o casi nunca;Si;No estoy seguro;No;Si;Si;Ninguno;de 81 a 110 metros cuadrados
9a17b2d6-5c41-4d8f-9e92-c745346ff6c4;35-44 aÃ±os;Graduado o Ciclo Formativo Grado Superior;Mujer;3;Sistema Operativo IOS (Por ejemplo. iPhone 4, iPhone 5 o versiones posteriores);Sistema Operativo IOS (Por ejemplo. iPad/iPad mini);Siempre o casi siempre;Si;Si;No;Si;Si;1;mÃ¡s de 111 metros cuadrados
b60f1cd0-5be0-41b7-aa92-425ebf8c2521;45-54 aÃ±os;Doctorado;Mujer;2;Sistema Operativo Android (Por ejemplo. HTC, Samsung, LG, Sony, Motorola);Sistema Operativo Android;Nunca o casi nunca;Si;Si;No;Si;Si;1;mÃ¡s de 111 metros cuadrados
e8523035-a619-4436-9f39-b35342455f34;45-54 aÃ±os;MÃ¡ster;Mujer;2;Sistema Operativo Android (Por ejemplo. HTC, Samsung, LG, Sony, Motorola);Sistema Operativo IOS (Por ejemplo. iPad/iPad mini);Bastante a menudo;Si;Si;No;Si;Si;Ninguno;de 81 a 110 metros cuadrados
94dbaa99-773d-4b79-829f-296c8624e016;35-44 aÃ±os;EducaciÃ³n Primaria Obligatoria;Mujer;2;Sistema Operativo Android (Por ejemplo. HTC, Samsung, LG, Sony, Motorola);Sistema Operativo Android;Bastante a menudo;Si;Si;No;Si;Si;3;mÃ¡s de 111 metros cuadrados
a77d9398-1931-4932-8ca1-077260c6e01d;25-34 aÃ±os;MÃ¡ster;Mujer;2;Sistema Operativo Android (Por ejemplo. HTC, Samsung, LG, Sony, Motorola);Sistema Operativo Android;Lo enciendo sÃ³lo cuando lo necesito;Si;Si;No;Si;Si;Ninguno;de 81 a 110 metros cuadrados
ab9380a6-8300-403b-93c6-b96825655861;35-44 aÃ±os;MÃ¡ster;Mujer;1;Sistema Operativo Android (Por ejemplo. HTC, Samsung, LG, Sony, Motorola);Sistema Operativo Android;De vez en cuando;Si;Si;No;Si;Si;Ninguno;de 61 a 80 metros cuadrados
c9cb9786-3366-489d-9d6b-5e202403d8ed;65-74 aÃ±os;Graduado o Ciclo Formativo Grado Superior;Hombre;2;Sistema Operativo Android (Por ejemplo. HTC, Samsung, LG, Sony, Motorola);Sistema Operativo IOS (Por ejemplo. iPad/iPad mini);Siempre o casi siempre;Si;Si;No;Si;Si;Ninguno;de 81 a 110 metros cuadrados
0163ada7-c78b-4b6a-b478-6434fbac99c3;35-44 aÃ±os;MÃ¡ster;Hombre;1;Sistema Operativo IOS (Por ejemplo. iPhone 4, iPhone 5 o versiones posteriores);Sistema Operativo Android;Mi smartphone o tablet no tienen Bluetooth;Si;Si;No;Si;Si;3;de 61 a 80 metros cuadrados
1fd75456-4f07-468a-a08a-ec69a03f263b;45-54 aÃ±os;Bachillerato o Ciclo Formativo Grado Medio;Hombre;1;Sistema Operativo Android (Por ejemplo. HTC, Samsung, LG, Sony, Motorola);Sistema Operativo Android;Bastante a menudo;Si;Si;No;Si;Si;2;de 81 a 110 metros cuadrados
7229af37-e9ff-46f8-9da4-d22a28e75394;35-44 aÃ±os;Graduado o Ciclo Formativo Grado Superior;Hombre;2;Sistema Operativo Android (Por ejemplo. HTC, Samsung, LG, Sony, Motorola);Sistema Operativo Android;Nunca o casi nunca;Si;Si;No;Si;Si;1;mÃ¡s de 111 metros cuadrados
53b44244-7c7f-48d5-befe-c6200f16bf77;25-34 aÃ±os;MÃ¡ster;Hombre;2;Sistema Operativo Android (Por ejemplo. HTC, Samsung, LG, Sony, Motorola);Sistema Operativo IOS (Por ejemplo. iPad/iPad mini);Siempre o casi siempre;Si;Si;No;Si;Si;Ninguno;de 81 a 110 metros cuadrados
b9789dee-611f-4b74-aafb-7d7ffa35bb6f;35-44 aÃ±os;MÃ¡ster;Hombre;1;Sistema Operativo IOS (Por ejemplo. iPhone 4, iPhone 5 o versiones posteriores);Sistema Operativo Android;Siempre o casi siempre;No;Si;No;Si;Si;Ninguno;de 31 a 60 metros cuadrados
0734a5e6-3204-46a7-bc81-dd4c85fe7790;65-74 aÃ±os;Bachillerato o Ciclo Formativo Grado Medio;Hombre;1;Sistema Operativo IOS (Por ejemplo. iPhone 4, iPhone 5 o versiones posteriores);Sistema Operativo IOS (Por ejemplo. iPad/iPad mini);Siempre o casi siempre;Si;Si;No;Si;Si;Ninguno;de 61 a 80 metros cuadrados
16271390-54dc-4b63-90bf-c0a73b13b381;45-54 aÃ±os;EducaciÃ³n Secundaria Obligatoria;Hombre;2;Sistema Operativo Android (Por ejemplo. HTC, Samsung, LG, Sony, Motorola);Sistema Operativo Android;Siempre o casi siempre;Si;Si;No;Si;Si;Ninguno;de 81 a 110 metros cuadrados
77cc5492-faf4-467d-9bc3-d8e1fdd213f3;35-44 aÃ±os;Graduado o Ciclo Formativo Grado Superior;Hombre;3;Sistema Operativo Android (Por ejemplo. HTC, Samsung, LG, Sony, Motorola);Sistema Operativo Android;Lo enciendo sÃ³lo cuando lo necesito;Si;Si;No;Si;Si;1;mÃ¡s de 111 metros cuadrados
0e7d65c2-ef2d-403a-b2d4-fbce5886bf6f;35-44 aÃ±os;Graduado o Ciclo Formativo Grado Superior;Hombre;2;Sistema Operativo Android (Por ejemplo. HTC, Samsung, LG, Sony, Motorola);Sistema Operativo Android;Lo enciendo sÃ³lo cuando lo necesito;Si;Si;No;Si;Si;3;mÃ¡s de 111 metros cuadrados
6ec19f7c-7137-43b3-9006-6a4f10044e76;35-44 aÃ±os;Graduado o Ciclo Formativo Grado Superior;Hombre;2;Sistema Operativo Android (Por ejemplo. HTC, Samsung, LG, Sony, Motorola);Sistema Operativo Android;Siempre o casi siempre;Si;Si;No;Si;Si;2;de 81 a 110 metros cuadrados
e0313feb-ab3d-4bf4-aeac-c85ea8da5ac6;45-54 aÃ±os;MÃ¡ster;Hombre;1;Sistema Operativo Android (Por ejemplo. HTC, Samsung, LG, Sony, Motorola);Sistema Operativo Windows;Lo enciendo sÃ³lo cuando lo necesito;Si;Si;No;Si;Si;Ninguno;de 81 a 110 metros cuadrados
c104f7ae-d570-4bf0-92f2-728508f31c67;45-54 aÃ±os;Graduado o Ciclo Formativo Grado Superior;Hombre;2;Sistema Operativo Android (Por ejemplo. HTC, Samsung, LG, Sony, Motorola);Sistema Operativo IOS (Por ejemplo. iPad/iPad mini);Siempre o casi siempre;Si;Si;No;Si;Si;Ninguno;de 61 a 80 metros cuadrados
74394159-b0da-4c99-b1de-7bd265f6e581;45-54 aÃ±os;Graduado o Ciclo Formativo Grado Superior;Mujer;3;Sistema Operativo Android (Por ejemplo. HTC, Samsung, LG, Sony, Motorola);No tengo tablet;Siempre o casi siempre;Si;Si;No;Si;Si;1;mÃ¡s de 111 metros cuadrados
cb693576-e2bf-49b0-961b-750eb174e62c;35-44 aÃ±os;Bachillerato o Ciclo Formativo Grado Medio;Hombre;2;Sistema Operativo Android (Por ejemplo. HTC, Samsung, LG, Sony, Motorola);Sistema Operativo Android;De vez en cuando;Si;Si;No;Si;Si;1;de 81 a 110 metros cuadrados
2e136c48-1406-4978-8cab-0c4cdaaf25d2;45-54 aÃ±os;Bachillerato o Ciclo Formativo Grado Medio;Hombre;2;Sistema Operativo Android (Por ejemplo. HTC, Samsung, LG, Sony, Motorola);Sistema Operativo Android;Siempre o casi siempre;Si;Si;No;Si;Si;Ninguno;mÃ¡s de 111 metros cuadrados
4fcad6de-c072-4804-882e-4732c0030273;25-34 aÃ±os;MÃ¡ster;Mujer;2;Sistema Operativo Android (Por ejemplo. HTC, Samsung, LG, Sony, Motorola);Sistema Operativo Android;Lo enciendo sÃ³lo cuando lo necesito;Si;Si;No;Si;Si;Ninguno;mÃ¡s de 111 metros cuadrados
f7b27eee-4a60-451d-a912-98cc9d6f0c5b;35-44 aÃ±os;Graduado o Ciclo Formativo Grado Superior;Mujer;1;Sistema Operativo Android (Por ejemplo. HTC, Samsung, LG, Sony, Motorola);Sistema Operativo Android;Bastante a menudo;Si;Si;No;Si;Si;1;de 81 a 110 metros cuadrados
db42deb2-7efc-4796-ba01-19c23d4795e0;45-54 aÃ±os;Graduado o Ciclo Formativo Grado Superior;Hombre;1;Sistema Operativo Android (Por ejemplo. HTC, Samsung, LG, Sony, Motorola);Sistema Operativo Windows;Lo enciendo sÃ³lo cuando lo necesito;Si;Si;No;Si;Si;2;de 81 a 110 metros cuadrados
b7ce8255-8416-4f50-8f34-850176d2afe8;35-44 aÃ±os;Graduado o Ciclo Formativo Grado Superior;Hombre;1;Sistema Operativo Android (Por ejemplo. HTC, Samsung, LG, Sony, Motorola);Sistema Operativo Android;Ocasionalmente;Si;Si;No;Si;Si;2;de 81 a 110 metros cuadrados
95be41e4-4e75-450a-be2a-29bab4e0120f;35-44 aÃ±os;MÃ¡ster;Hombre;3;Sistema Operativo IOS (Por ejemplo. iPhone 4, iPhone 5 o versiones posteriores);Sistema Operativo IOS (Por ejemplo. iPad/iPad mini);Bastante a menudo;Si;Si;No;Si;Si;2;mÃ¡s de 111 metros cuadrados
b744c766-af48-4d1c-9fe7-e55955186721;25-34 aÃ±os;Graduado o Ciclo Formativo Grado Superior;Hombre;2;Sistema Operativo Android (Por ejemplo. HTC, Samsung, LG, Sony, Motorola);No tengo tablet;Siempre o casi siempre;Si;Si;No;Si;Si;Ninguno;de 61 a 80 metros cuadrados
1bf6bed0-4957-41ee-9f0d-6a53edc68a89;45-54 aÃ±os;Graduado o Ciclo Formativo Grado Superior;Hombre;3;Sistema Operativo Android (Por ejemplo. HTC, Samsung, LG, Sony, Motorola);Sistema Operativo IOS (Por ejemplo. iPad/iPad mini);Lo enciendo sÃ³lo cuando lo necesito;Si;Si;No;Si;Si;3;mÃ¡s de 111 metros cuadrados
2158cfc7-946b-4f21-9a5f-f63f8e7b4285;45-54 aÃ±os;Graduado o Ciclo Formativo Grado Superior;Mujer;2;Sistema Operativo Android (Por ejemplo. HTC, Samsung, LG, Sony, Motorola);No tengo tablet;Bastante a menudo;Si;Si;No;Si;Si;1;mÃ¡s de 111 metros cuadrados
764f9177-e451-4aa1-8e08-b23d9495cadb;45-54 aÃ±os;Bachillerato o Ciclo Formativo Grado Medio;Mujer;1;Sistema Operativo Android (Por ejemplo. HTC, Samsung, LG, Sony, Motorola);No tengo tablet;Ocasionalmente;Si;Si;No;Si;Si;Ninguno;de 81 a 110 metros cuadrados
f96f15fd-7a32-49ba-a5b6-bac1430d9c1c;55-64 aÃ±os;Graduado o Ciclo Formativo Grado Superior;Hombre;2;Sistema Operativo Android (Por ejemplo. HTC, Samsung, LG, Sony, Motorola);Sistema Operativo Android;Siempre o casi siempre;Si;Si;No;Si;Si;Ninguno;mÃ¡s de 111 metros cuadrados
624fd89c-bd76-454a-8c04-fdaa89eba9ed;35-44 aÃ±os;Bachillerato o Ciclo Formativo Grado Medio;Hombre;1;Sistema Operativo Android (Por ejemplo. HTC, Samsung, LG, Sony, Motorola);Sistema Operativo Android;Ocasionalmente;Si;Si;No;Si;Si;1;de 81 a 110 metros cuadrados
177d0a5d-caac-4195-907f-78d42adff708;45-54 aÃ±os;Bachillerato o Ciclo Formativo Grado Medio;Hombre;1;Sistema Operativo IOS (Por ejemplo. iPhone 4, iPhone 5 o versiones posteriores);Sistema Operativo Android;Bastante a menudo;Si;Si;No;Si;Si;1;de 81 a 110 metros cuadrados
a8014bf0-a24c-40d3-b0d5-e49d2a1ece0b;25-34 aÃ±os;Graduado o Ciclo Formativo Grado Superior;Mujer;2;Sistema Operativo IOS (Por ejemplo. iPhone 4, iPhone 5 o versiones posteriores);Sistema Operativo Android;Siempre o casi siempre;Si;Si;No;Si;Si;Ninguno;de 81 a 110 metros cuadrados
4a793e13-6733-4c0f-9fa6-36b794b99ee9;45-54 aÃ±os;MÃ¡ster;Hombre;3;Sistema Operativo IOS (Por ejemplo. iPhone 4, iPhone 5 o versiones posteriores);Sistema Operativo IOS (Por ejemplo. iPad/iPad mini);Siempre o casi siempre;Si;Si;No;Si;Si;2;de 81 a 110 metros cuadrados
4f61b9fb-fead-4c62-aac1-67cda189358d;25-34 aÃ±os;MÃ¡ster;Mujer;2;Sistema Operativo Android (Por ejemplo. HTC, Samsung, LG, Sony, Motorola);Sistema Operativo Android;Bastante a menudo;Si;Si;No;Si;Si;Ninguno;de 81 a 110 metros cuadrados
cc07ed0e-d077-481b-83b5-d19bb31c4cb1;55-64 aÃ±os;Graduado o Ciclo Formativo Grado Superior;Hombre;2;Sistema Operativo Android (Por ejemplo. HTC, Samsung, LG, Sony, Motorola);Sistema Operativo Android;Siempre o casi siempre;Si;Si;No;Si;Si;Ninguno;mÃ¡s de 111 metros cuadrados
699c6dae-a4fb-4e6e-9017-c3867511fc80;45-54 aÃ±os;Graduado o Ciclo Formativo Grado Superior;Mujer;2;Sistema Operativo Android (Por ejemplo. HTC, Samsung, LG, Sony, Motorola);No tengo tablet;Nunca o casi nunca;Si;Si;No;Si;Si;Ninguno;de 81 a 110 metros cuadrados
c2be9050-d53d-4824-ba5a-9b1137fde428;45-54 aÃ±os;Bachillerato o Ciclo Formativo Grado Medio;Hombre;1;Sistema Operativo Android (Por ejemplo. HTC, Samsung, LG, Sony, Motorola);Sistema Operativo Android;Siempre o casi siempre;Si;Si;No;Si;Si;Ninguno;de 31 a 60 metros cuadrados
bf15f6ba-85fc-4e18-8a95-a07bb6d322f7;45-54 aÃ±os;Bachillerato o Ciclo Formativo Grado Medio;Mujer;1;Sistema Operativo Android (Por ejemplo. HTC, Samsung, LG, Sony, Motorola);Sistema Operativo Android;Ocasionalmente;Si;Si;No;Si;Si;Ninguno;de 81 a 110 metros cuadrados
3053dd89-36db-4906-8c72-3048e41726fe;35-44 aÃ±os;Graduado o Ciclo Formativo Grado Superior;Hombre;1;Sistema Operativo Android (Por ejemplo. HTC, Samsung, LG, Sony, Motorola);Sistema Operativo Android;Ocasionalmente;Si;Si;No;Si;Si;2;de 81 a 110 metros cuadrados
3055501b-b4c6-4dca-8cfb-25222c93f7a2;25-34 aÃ±os;Bachillerato o Ciclo Formativo Grado Medio;Mujer;2;Sistema Operativo Android (Por ejemplo. HTC, Samsung, LG, Sony, Motorola);Sistema Operativo Android;Bastante a menudo;Si;Si;No;Si;Si;1;de 81 a 110 metros cuadrados
9833989c-164c-416b-af29-9f1080b882f4;35-44 aÃ±os;MÃ¡ster;Mujer;2;Sistema Operativo Android (Por ejemplo. HTC, Samsung, LG, Sony, Motorola);Sistema Operativo Android;Siempre o casi siempre;Si;Si;No;Si;Si;Ninguno;de 81 a 110 metros cuadrados
c92d2b0f-7c0e-4060-bf37-9bd21865b962;35-44 aÃ±os;MÃ¡ster;Mujer;2;Sistema Operativo Android (Por ejemplo. HTC, Samsung, LG, Sony, Motorola);Sistema Operativo Android;Bastante a menudo;Si;Si;No;Si;Si;Ninguno;de 81 a 110 metros cuadrados
1f8730a9-5d67-4895-9215-6e247087ea00;18-24 aÃ±os;Graduado o Ciclo Formativo Grado Superior;Mujer;1;Sistema Operativo Android (Por ejemplo. HTC, Samsung, LG, Sony, Motorola);No tengo tablet;Ocasionalmente;No;Si;No;Si;Si;Ninguno;de 81 a 110 metros cuadrados
cbe1f63f-8d67-4905-89cc-6b391a6c28ef;45-54 aÃ±os;Bachillerato o Ciclo Formativo Grado Medio;Hombre;1;Sistema Operativo IOS (Por ejemplo. iPhone 4, iPhone 5 o versiones posteriores);Sistema Operativo IOS (Por ejemplo. iPad/iPad mini);Siempre o casi siempre;Si;Si;No;Si;Si;Ninguno;de 81 a 110 metros cuadrados
58aa6326-f6f3-4d3d-9b52-a43189bbbaf7;45-54 aÃ±os;Bachillerato o Ciclo Formativo Grado Medio;Mujer;1;Sistema Operativo IOS (Por ejemplo. iPhone 4, iPhone 5 o versiones posteriores);Sistema Operativo IOS (Por ejemplo. iPad/iPad mini);De vez en cuando;Si;Si;No;Si;Si;1;mÃ¡s de 111 metros cuadrados
3fbe5260-c42a-4683-95ba-2f1c53bdbb99;25-34 aÃ±os;Graduado o Ciclo Formativo Grado Superior;Mujer;2;Sistema Operativo Android (Por ejemplo. HTC, Samsung, LG, Sony, Motorola);No tengo tablet;De vez en cuando;Si;Si;No;Si;Si;1;de 81 a 110 metros cuadrados
b2aff430-7722-42e3-9fb5-d0e901dea0a5;45-54 aÃ±os;MÃ¡ster;Hombre;3;Sistema Operativo Android (Por ejemplo. HTC, Samsung, LG, Sony, Motorola);Sistema Operativo IOS (Por ejemplo. iPad/iPad mini);Bastante a menudo;Si;Si;No;Si;Si;2;mÃ¡s de 111 metros cuadrados
fbc12cbd-264b-4787-b8ac-1ac99e1f5d3f;25-34 aÃ±os;Graduado o Ciclo Formativo Grado Superior;Hombre;1;Sistema Operativo Android (Por ejemplo. HTC, Samsung, LG, Sony, Motorola);Sistema Operativo IOS (Por ejemplo. iPad/iPad mini);Siempre o casi siempre;Si;Si;No;Si;Si;Ninguno;de 81 a 110 metros cuadrados
9c3f8920-2574-41bb-b3ad-74d088c8da44;45-54 aÃ±os;MÃ¡ster;Mujer;2;Sistema Operativo Android (Por ejemplo. HTC, Samsung, LG, Sony, Motorola);Sistema Operativo Android;De vez en cuando;Si;Si;No;Si;Si;3;mÃ¡s de 111 metros cuadrados
ad669fbd-c278-408a-ab9e-77362c2a62a6;45-54 aÃ±os;Doctorado;Hombre;2;Sistema Operativo Android (Por ejemplo. HTC, Samsung, LG, Sony, Motorola);Sistema Operativo Android;Siempre o casi siempre;Si;Si;No;Si;Si;1;de 81 a 110 metros cuadrados
1aa98c91-ba05-4776-9b78-627cd813dd3f;65-74 aÃ±os;Graduado o Ciclo Formativo Grado Superior;Hombre;3;Sistema Operativo Android (Por ejemplo. HTC, Samsung, LG, Sony, Motorola);Sistema Operativo Windows;Bastante a menudo;Si;Si;No;Si;Si;Ninguno;mÃ¡s de 111 metros cuadrados
60a14868-6a56-4270-9b1d-bb1971c9f64e;45-54 aÃ±os;MÃ¡ster;Mujer;2;Sistema Operativo IOS (Por ejemplo. iPhone 4, iPhone 5 o versiones posteriores);Sistema Operativo IOS (Por ejemplo. iPad/iPad mini);Siempre o casi siempre;Si;Si;No;Si;Si;2;mÃ¡s de 111 metros cuadrados
96a604b9-9843-4bda-9735-5dd573212524;45-54 aÃ±os;Bachillerato o Ciclo Formativo Grado Medio;Hombre;2;Sistema Operativo Android (Por ejemplo. HTC, Samsung, LG, Sony, Motorola);Sistema Operativo IOS (Por ejemplo. iPad/iPad mini);Bastante a menudo;Si;Si;No;Si;Si;Ninguno;mÃ¡s de 111 metros cuadrados
58e154b1-e140-4b4b-9f5c-3cf335749f80;25-34 aÃ±os;MÃ¡ster;Hombre;2;Sistema Operativo Android (Por ejemplo. HTC, Samsung, LG, Sony, Motorola);Sistema Operativo Android;Bastante a menudo;Si;Si;No;Si;Si;Ninguno;de 81 a 110 metros cuadrados
f7d6557e-d566-4538-82d2-e86ce4cc823a;35-44 aÃ±os;Graduado o Ciclo Formativo Grado Superior;Hombre;2;Sistema Operativo IOS (Por ejemplo. iPhone 4, iPhone 5 o versiones posteriores);No tengo tablet;Siempre o casi siempre;Si;Si;No;Si;Si;Ninguno;de 61 a 80 metros cuadrados
9345ea11-1827-4e4e-be6b-35cb0839b75f;45-54 aÃ±os;Graduado o Ciclo Formativo Grado Superior;Hombre;2;Sistema Operativo IOS (Por ejemplo. iPhone 4, iPhone 5 o versiones posteriores);Sistema Operativo IOS (Por ejemplo. iPad/iPad mini);De vez en cuando;Si;Si;No;Si;Si;1;de 81 a 110 metros cuadrados
457734ad-4f7b-4420-8520-b829005c60a3;35-44 aÃ±os;Graduado o Ciclo Formativo Grado Superior;Hombre;2;Sistema Operativo Android (Por ejemplo. HTC, Samsung, LG, Sony, Motorola);No tengo tablet;Lo enciendo sÃ³lo cuando lo necesito;Si;Si;No;Si;Si;2;de 81 a 110 metros cuadrados
10757a1f-7240-460b-92c3-72b28b7b8deb;55-64 aÃ±os;EducaciÃ³n Secundaria Obligatoria;Hombre;1;Sistema Operativo Android (Por ejemplo. HTC, Samsung, LG, Sony, Motorola);Sistema Operativo Android;Bastante a menudo;Si;Si;No;Si;Si;Ninguno;de 61 a 80 metros cuadrados
f19afcd0-3c39-499b-85ed-f10923ab2846;55-64 aÃ±os;Graduado o Ciclo Formativo Grado Superior;Hombre;2;Sistema Operativo Android (Por ejemplo. HTC, Samsung, LG, Sony, Motorola);Sistema Operativo Android;De vez en cuando;Si;Si;No;Si;Si;Ninguno;de 81 a 110 metros cuadrados
1c71ebe5-aca3-4b3e-8ba1-8cfe7585b2aa;45-54 aÃ±os;Bachillerato o Ciclo Formativo Grado Medio;Hombre;1;Sistema Operativo IOS (Por ejemplo. iPhone 4, iPhone 5 o versiones posteriores);Sistema Operativo IOS (Por ejemplo. iPad/iPad mini);Bastante a menudo;Si;Si;No;Si;Si;Ninguno;de 61 a 80 metros cuadrados
fb09f2b9-3aac-4d57-a694-aa53c7784546;45-54 aÃ±os;Graduado o Ciclo Formativo Grado Superior;Mujer;2;Sistema Operativo Android (Por ejemplo. HTC, Samsung, LG, Sony, Motorola);No tengo tablet;De vez en cuando;Si;Si;No;Si;Si;Ninguno;de 61 a 80 metros cuadrados
4f903188-858b-4e3f-87f8-79614ee06030;45-54 aÃ±os;Graduado o Ciclo Formativo Grado Superior;Mujer;2;Sistema Operativo Android (Por ejemplo. HTC, Samsung, LG, Sony, Motorola);Sistema Operativo IOS (Por ejemplo. iPad/iPad mini);Ocasionalmente;Si;Si;No;Si;Si;1;de 81 a 110 metros cuadrados
35efb35b-fba9-4356-a362-9c7376a2ec3d;35-44 aÃ±os;Graduado o Ciclo Formativo Grado Superior;Mujer;2;Sistema Operativo Android (Por ejemplo. HTC, Samsung, LG, Sony, Motorola);Sistema Operativo IOS (Por ejemplo. iPad/iPad mini);De vez en cuando;Si;Si;No;Si;Si;2;de 81 a 110 metros cuadrados
9348c9bb-e66e-4970-94c8-609ba5461ef2;45-54 aÃ±os;Bachillerato o Ciclo Formativo Grado Medio;Mujer;2;Sistema Operativo Android (Por ejemplo. HTC, Samsung, LG, Sony, Motorola);Sistema Operativo Android;De vez en cuando;Si;Si;No;Si;Si;Ninguno;de 81 a 110 metros cuadrados
e3ae0a01-893b-4ae2-b201-a3c7224648ca;45-54 aÃ±os;Graduado o Ciclo Formativo Grado Superior;Hombre;2;Sistema Operativo Android (Por ejemplo. HTC, Samsung, LG, Sony, Motorola);No tengo tablet;De vez en cuando;Si;Si;No;Si;Si;3;de 81 a 110 metros cuadrados
